Time,File Name,TOS [s],H2,He,H2O,28,O2,Ar,CO2,T,Vac,Stepnumber, T1  [°C], T2  [°C], T3  [°C], T4  [°C], P1 [psig] , P2 [psig] , P3 [psig] , P4 [psig] , P5 [psig] , P6 [psig] , P7 [psia] , P8 [psia] , P9 [psia] ,MFC1 SP [ml/min],MFC2 SP [ml/min],MFC3 SP [ml/min],MFC4 SP [ml/min],MFC5 SP [ml/min],MFC6 SP [ml/min],MFC1 CSP [ml/min],MFC2 CSP [ml/min],MFC3 CSP [ml/min],MFC4 CSP [ml/min],MFC5 CSP [ml/min],MFC6 CSP [ml/min],MFC1Flow [ml/min],MFC2Flow [ml/min],MFC3Flow [ml/min],MFC4Flow [ml/min],MFC5Flow [ml/min],MFC6Flow [ml/min],SV1 SP,SV1 Feedback,SV2 SP,SV2 Feedback,BV1,BV2,BV3,BV4,BV5,BV6,TR1 SP [°C],TR1 CSP [°C],TR1 T [°C],TR2 SP [°C],TR2 CSP [°C],TR2 T [°C],"Extra AI1, Extra AI1 [Kg]","Extra AI2, Extra AI2 [psi]","Extra AI3, Extra AI3 [apples]","Extra AI4, Extra AI4 [barrels]",Extra TC1 - Extra TC1 [°C],Extra TC2 - Extra TC2 [°C],Extra TC3 - Extra TC3 [°C],Extra TC4 - Extra TC4 [°C],Extra TC5 - Extra TC5 [°C],Extra TC6 - Extra TC6 [°C],Extra TC7 - Extra TC7 [°C],Extra TC8 - Extra TC8 [°C],Extra DO 1,Extra DO 2,Extra DO 3,Extra DO 4
2021-06-14 16:33:52,20210614_SnO2_H2_TPR_Sn_EXAFS_92.tra_0001,0.0,4.929417264150943e-10,1.8104522641509434e-07,6.951218962264151e-09,8.664734339622641e-09,2.4716461320754716e-09,3.837184150943396e-06,7.719113773584907e-11,26.12077169811321,1.8168e-06,0.0,2300.190767666667,2300.190767666667,2300.4648148,2300.4648148,38.74005,35.92757506666667,41.86908893333333,21.505840133333333,33.594970266666664,40.6002004,17.5443204,8.742121333333332,1.5339946666666666,10.0,0.0,0.0,0.0,0.0,0.0,10.0,0.0,0.0,0.0,0.0,0.0,11.360308400000001,0.3789100666666667,0.3259396,0.058073,0.14188966666666666,0.11479466666666667,1.0,0.0,1.0,1.0,1.0,0.0,0.0,0.0,0.0,0.0,0.0,0.0,25.796050266666665,0.0,0.0,0.0,0.14694253333333335,0.14545366666666665,0.10001306666666668,0.10169866666666666,2300.4648148,2300.190767666667,2300.190767666667,2300.4648148,2300.4648148,2300.4648148,2300.343342466667,2300.343342466667,0.0,0.0,0.0,0.0
2021-06-14 16:35:37,20210614_SnO2_H2_TPR_Sn_EXAFS_92.tra_0002,105.0,4.93123e-10,1.82749e-07,6.92696e-09,8.62844e-09,2.42609e-09,3.84917e-06,7.89801e-11,25.9078,1.8168e-06,0.0,2300.228154066667,2300.228154066667,2300.4991737333335,2300.4991737333335,38.764121933333335,35.94759766666667,41.8694878,21.5236902,33.59467993333333,40.60374193333333,17.3320604,7.2651104,-1.030922,10.0,0.0,0.0,0.0,0.0,0.0,10.0,0.0,0.0,0.0,0.0,0.0,11.365561466666668,0.3795668,0.3230938,0.057628599999999995,0.13532266666666667,0.11164266666666667,1.0,0.0,1.0,1.0,1.0,0.0,0.0,0.0,0.0,0.0,0.0,0.0,25.747476866666666,0.0,0.0,0.0,0.02268026666666667,0.0756072,0.0942122,0.1278774,2300.4991737333335,2300.228154066667,2300.228154066667,2300.4991737333335,2300.4991737333335,2300.4991737333335,2300.3789658666665,2300.3789658666665,0.0,0.0,0.0,0.0
2021-06-14 16:37:23,20210614_SnO2_H2_TPR_Sn_EXAFS_92.tra_0003,211.0,4.713018598130841e-10,1.8211002803738317e-07,6.798056074766355e-09,8.669651214953272e-09,2.4611492523364487e-09,3.858482149532711e-06,7.286726822429906e-11,26.067592523364485,1.8168e-06,0.0,2300.2418826666667,2300.2418826666667,2300.5108003333335,2300.5108003333335,39.048991666666666,35.925943,41.683445,21.541982666666666,33.59449666666667,40.60437433333333,17.274630666666667,7.5474630000000005,2.1096666666666666,0.0,0.0,10.0,0.0,0.0,0.0,0.0,0.0,10.0,0.0,0.0,0.0,1.3759906666666666,0.3730003333333333,10.303383,0.05742966666666667,0.14088233333333333,0.11151133333333334,1.0,0.0,1.0,1.0,0.0,0.0,1.0,0.0,0.0,0.0,0.0,0.0,25.696622333333334,0.0,0.0,0.0,0.15624466666666667,0.137202,0.134466,0.152305,2300.5108003333335,2300.2418826666667,2300.2418826666667,2300.5108003333335,2300.5108003333335,2300.5108003333335,2300.391108,2300.391108,0.0,0.0,0.0,0.0
2021-06-14 16:39:11,20210614_SnO2_H2_TPR_Sn_EXAFS_92.tra_0004,319.0,4.056493271028037e-09,1.949100644859813e-07,7.054554392523365e-09,9.396570373831776e-09,1.1222787102803738e-08,3.8247771962616824e-06,1.1756044485981307e-10,26.06859719626168,1.8502261682242991e-06,0.0,2300.2625516666667,2300.2625516666667,2300.529459533333,2300.529459533333,40.367484,35.948622199999996,39.153075466666664,21.560636533333334,33.594873666666665,40.608292266666666,17.732175933333334,9.3217624,3.0723333999999998,0.0,0.0,10.0,0.0,0.0,0.0,0.0,0.0,10.0,0.0,0.0,0.0,1.3352776000000002,0.3719058,10.342564333333334,0.0570462,0.14009459999999999,0.116108,1.0,0.0,1.0,1.0,0.0,0.0,1.0,0.0,0.0,0.0,0.0,0.0,25.676698333333334,0.0,0.0,0.0,0.18758959999999997,0.14330893333333333,0.0894842,0.08707640000000001,2300.529459533333,2300.2625516666667,2300.2625516666667,2300.529459533333,2300.529459533333,2300.529459533333,2300.409950133333,2300.409950133333,0.0,0.0,0.0,0.0
2021-06-14 16:40:57,20210614_SnO2_H2_TPR_Sn_EXAFS_92.tra_0005,425.0,1.12871e-08,1.39749e-08,7.36878e-09,8.75955e-09,4.79782e-09,3.87536e-06,9.57716e-11,26.0153,1.98338e-06,0.0,2300.2949472,2300.2949472,2300.5599662,2300.5599662,40.695091,35.952238200000004,38.8329898,21.57515,33.5948684,40.6088394,17.5687368,8.729664399999999,4.0360928000000005,0.0,0.0,10.0,0.0,0.0,0.0,0.0,0.0,10.0,0.0,0.0,0.0,1.325647,0.3731096,10.348146,0.0577514,0.1366358,0.110986,1.0,0.0,1.0,1.0,0.0,0.0,1.0,0.0,0.0,0.0,0.0,0.0,25.6973584,0.0,0.0,0.0,0.2809446,0.21790500000000002,0.1596594,0.15355239999999998,2300.5599662,2300.2949472,2300.2949472,2300.5599662,2300.5599662,2300.5599662,2300.4404474,2300.4404474,0.0,0.0,0.0,0.0
2021-06-14 16:42:42,20210614_SnO2_H2_TPR_Sn_EXAFS_92.tra_0006,530.0,1.6287221875e-08,7.763892916666667e-09,7.012373645833333e-09,8.508111979166667e-09,3.1447015625e-09,3.888975e-06,1.0112298437499999e-10,25.964396875000002,2.01848e-06,0.0,2300.3026342,2300.3026342,2300.5662998000003,2300.5662998000003,40.8593738,35.955573,39.083939199999996,21.593802999999998,33.59488,40.6030004,17.852340599999998,8.887738800000001,-2.0780785999999996,0.0,0.0,10.0,0.0,0.0,0.0,0.0,0.0,10.0,0.0,0.0,0.0,1.3098868000000001,0.382631,10.3225362,0.0563264,0.138343,0.120048,1.0,0.0,1.0,1.0,0.0,0.0,1.0,0.0,0.0,0.0,0.0,0.0,25.690934199999997,0.0,0.0,0.0,-0.13636320000000002,-0.0653124,-0.05007799999999999,-0.0089056,2300.5662998000003,2300.3026342,2300.3026342,2300.5662998000003,2300.5662998000003,2300.5662998000003,2300.4442436,2300.4442436,0.0,0.0,0.0,0.0
2021-06-14 16:44:27,20210614_SnO2_H2_TPR_Sn_EXAFS_92.tra_0007,635.0,1.6772086000000002e-07,6.6779772000000005e-09,6.7320732000000005e-09,8.423802200000001e-09,2.903965e-09,3.8925352e-06,9.5773664e-11,26.007782,2.01848e-06,0.0,2300.3219618000003,2300.3219618000003,2300.5849946,2300.5849946,40.9859054,35.953249,39.252257,21.6094316,33.5949782,40.6039052,17.565458200000002,8.950518,4.2764308,0.0,0.0,10.0,0.0,0.0,0.0,0.0,0.0,10.0,0.0,0.0,0.0,1.2718006000000002,0.39707760000000003,10.322207599999999,0.0561884,0.1421518,0.110001,1.0,0.0,1.0,1.0,0.0,0.0,1.0,0.0,0.0,0.0,0.0,0.0,25.6883534,0.0,0.0,0.0,0.31647040000000004,0.2518548,0.1975488,0.1903912,2300.5849946,2300.3219618000003,2300.3219618000003,2300.5849946,2300.5849946,2300.5849946,2300.4635116,2300.4635116,0.0,0.0,0.0,0.0
2021-06-14 16:46:13,20210614_SnO2_H2_TPR_Sn_EXAFS_92.tra_0008,741.0,5.390002424242425e-07,6.013106767676768e-09,6.438386363636364e-09,8.40955515151515e-09,2.7872655555555554e-09,3.89714909090909e-06,8.044948383838384e-11,25.9616,2.01848e-06,0.0,2300.348302,2300.348302,2300.611476333333,2300.611476333333,41.07109833333333,35.950438999999996,39.397069333333334,21.625351333333334,33.59491166666667,40.61184433333333,17.536376666666666,8.195201,1.9389353333333332,0.0,0.0,10.0,0.0,0.0,0.0,0.0,0.0,10.0,0.0,0.0,0.0,1.3300246666666666,0.385039,10.337857999999999,0.05643366666666667,0.14307133333333333,0.12070466666666667,1.0,0.0,1.0,1.0,0.0,0.0,1.0,0.0,0.0,0.0,0.0,0.0,25.673009333333333,0.0,0.0,0.0,0.15525966666666668,0.144425,0.11586033333333333,0.12975966666666666,2300.611476333333,2300.348302,2300.348302,2300.611476333333,2300.611476333333,2300.611476333333,2300.491137,2300.491137,0.0,0.0,0.0,0.0
2021-06-14 16:47:59,20210614_SnO2_H2_TPR_Sn_EXAFS_92.tra_0009,847.0,5.453352500000001e-07,5.4418637e-09,6.1277583e-09,8.365563e-09,2.705257e-09,3.9059082e-06,8.813759499999999e-11,26.992001000000002,2.01848e-06,0.0,2300.3567674666665,2300.3567674666665,2300.6199867333335,2300.6199867333335,41.15734586666667,35.94700013333333,39.5475806,21.6380156,33.5951454,40.6118712,17.5035444,8.1851794,-1.8355522,0.0,0.0,10.0,0.0,0.0,0.0,0.0,0.0,10.0,0.0,0.0,0.0,1.3330891333333335,0.3821938,10.331401,0.0572304,0.1394814,0.11558266666666667,1.0,0.0,1.0,1.0,0.0,0.0,1.0,0.0,0.0,0.0,450.0,28.78295,25.677249800000002,0.0,0.0,0.0,-0.0015072666666666734,0.05450640000000001,0.055447133333333315,0.082283,2300.6199867333335,2300.3567674666665,2300.3567674666665,2300.6199867333335,2300.6199867333335,2300.6199867333335,2300.5001012,2300.5001012,0.0,0.0,0.0,0.0
2021-06-14 16:49:44,20210614_SnO2_H2_TPR_Sn_EXAFS_92.tra_0010,952.0000000000001,5.414674e-07,4.9912928000000005e-09,5.9242072e-09,8.3659336e-09,2.6422539999999997e-09,3.9038516e-06,8.0777484e-11,36.29678,2.01848e-06,0.0,2300.3724824,2300.3724824,2300.6335244666666,2300.6335244666666,41.2256496,35.94446093333333,39.66860766666667,21.650574733333332,33.594844,40.613933,17.521852133333333,8.095120399999999,-0.02710839999999992,0.0,0.0,10.0,0.0,0.0,0.0,0.0,0.0,10.0,0.0,0.0,0.0,1.2954407333333333,0.4002518,10.350663466666667,0.056540933333333335,0.14202033333333333,0.11729,1.0,0.0,1.0,1.0,0.0,0.0,1.0,0.0,0.0,0.0,450.0,46.15795,45.169973666666664,0.0,0.0,0.0,0.044722200000000004,0.06877766666666667,0.0642688,0.09167286666666666,2300.6335244666666,2300.3724824,2300.3724824,2300.6335244666666,2300.6335244666666,2300.6335244666666,2300.5143990666666,2300.5143990666666,0.0,0.0,0.0,0.0
2021-06-14 16:51:30,20210614_SnO2_H2_TPR_Sn_EXAFS_92.tra_0011,1058.0,5.4196854e-07,4.4913594e-09,6.261122e-09,8.3934992e-09,2.5499248e-09,3.9007962e-06,8.95387e-11,56.542519999999996,2.01848e-06,0.0,2300.386932,2300.386932,2300.6458824,2300.6458824,41.2740294,35.9423946,39.790773,21.6620028,33.594811,40.6160552,17.2292066,7.7146836,4.5397518,0.0,0.0,10.0,0.0,0.0,0.0,0.0,0.0,10.0,0.0,0.0,0.0,1.302007,0.3911676,10.320894599999999,0.057062,0.14057619999999998,0.119654,1.0,0.0,1.0,1.0,0.0,0.0,1.0,0.0,0.0,0.0,450.0,63.974616399999995,62.918277800000006,0.0,0.0,0.0,0.3718922,0.30642379999999997,0.238065,0.2286088,2300.6458824,2300.386932,2300.386932,2300.6458824,2300.6458824,2300.6458824,2300.5282656,2300.5282656,0.0,0.0,0.0,0.0
2021-06-14 16:53:15,20210614_SnO2_H2_TPR_Sn_EXAFS_92.tra_0012,1163.0,5.449367099999999e-07,4.1777155e-09,7.7161012e-09,8.3978099e-09,2.5216301e-09,3.9030158e-06,8.7564785e-11,74.138361,2.01848e-06,0.0,2300.4130536000002,2300.4130536000002,2300.6721428,2300.6721428,41.3304144,35.950514999999996,39.907033,21.6702388,33.595383399999996,40.615199600000004,17.1627146,7.3411713999999995,2.5165782,0.0,0.0,10.0,0.0,0.0,0.0,0.0,0.0,10.0,0.0,0.0,0.0,1.3689866,0.3882132,10.326476,0.056832,0.1422834,0.11256200000000001,1.0,0.0,1.0,1.0,0.0,0.0,1.0,0.0,0.0,0.0,450.0,81.31628599999999,80.2980728,0.0,0.0,0.0,0.2127176,0.1907856,0.1592652,0.1658318,2300.6721428,2300.4130536000002,2300.4130536000002,2300.6721428,2300.6721428,2300.6721428,2300.5544512,2300.5544512,0.0,0.0,0.0,0.0
2021-06-14 16:55:01,20210614_SnO2_H2_TPR_Sn_EXAFS_92.tra_0013,1269.0,5.416738e-07,3.8956417e-09,8.9420402e-09,8.3907983e-09,2.5028499000000003e-09,3.9122209000000004e-06,7.4902145e-11,91.721835,2.01848e-06,0.0,2300.4172908,2300.4172908,2300.6764576,2300.6764576,41.378030466666665,35.957743,40.000128266666664,21.6785138,33.59526053333333,40.61821486666667,17.59566393333333,9.339791400000001,4.214486533333334,0.0,0.0,10.0,0.0,0.0,0.0,0.0,0.0,10.0,0.0,0.0,0.0,1.3449088,0.389198,10.356573466666667,0.0556214,0.14307166666666668,0.116699,1.0,0.0,1.0,1.0,0.0,0.0,1.0,0.0,0.0,0.0,450.0,98.866286,97.89938193333333,0.0,0.0,0.0,0.2562545333333333,0.1898882,0.11235800000000001,0.09517546666666665,2300.6764576,2300.4172908,2300.4172908,2300.6764576,2300.6764576,2300.6764576,2300.5566260666665,2300.5566260666665,0.0,0.0,0.0,0.0
2021-06-14 16:56:46,20210614_SnO2_H2_TPR_Sn_EXAFS_92.tra_0014,1374.0,5.446619090909091e-07,3.5902081818181818e-09,8.399902727272728e-09,8.364805454545454e-09,2.477509090909091e-09,3.9126236363636365e-06,8.279632727272727e-11,109.07972727272727,2.01848e-06,0.0,2300.4154628666665,2300.4154628666665,2300.6743519333336,2300.6743519333336,41.420345999999995,35.96481633333333,40.075351133333335,21.687143533333334,33.5953516,40.6122162,17.305213666666667,7.129485866666666,-2.6870224,0.0,0.0,10.0,0.0,0.0,0.0,0.0,0.0,10.0,0.0,0.0,0.0,1.3549777333333333,0.4108673333333333,10.330087333333333,0.056954533333333335,0.14473493333333332,0.11046066666666667,1.0,0.0,1.0,1.0,0.0,0.0,1.0,0.0,0.0,0.0,450.0,116.3273948,115.31784119999999,0.0,0.0,0.0,-0.029481000000000007,0.05187966666666666,0.08550066666666667,0.12389306666666666,2300.6743519333336,2300.4154628666665,2300.4154628666665,2300.6743519333336,2300.6743519333336,2300.6743519333336,2300.554005533333,2300.554005533333,0.0,0.0,0.0,0.0
2021-06-14 16:58:34,20210614_SnO2_H2_TPR_Sn_EXAFS_92.tra_0015,1482.0,5.517569090909091e-07,3.3669681818181816e-09,6.968533636363637e-09,8.39499e-09,2.4290509090909088e-09,3.910245454545455e-06,8.641128181818182e-11,127.16927272727271,2.01848e-06,0.0,2300.4452095333336,2300.4452095333336,2300.7029630666666,2300.7029630666666,41.460091,35.956133066666666,40.08718486666667,21.695176133333334,33.59509293333333,40.61204266666667,17.3413326,7.040556933333334,-3.5770160000000004,0.0,0.0,10.0,0.0,0.0,0.0,0.0,0.0,10.0,0.0,0.0,0.0,1.3107625333333333,0.3884322,10.332276266666666,0.057000666666666665,0.14407853333333334,0.11715866666666667,1.0,0.0,1.0,1.0,0.0,0.0,1.0,0.0,0.0,0.0,450.0,134.14407013333334,133.16413786666666,0.0,0.0,0.0,-0.1036394,-0.012516866666666661,0.0423796,0.09307453333333333,2300.7029630666666,2300.4452095333336,2300.4452095333336,2300.7029630666666,2300.7029630666666,2300.7029630666666,2300.5823450666667,2300.5823450666667,0.0,0.0,0.0,0.0
2021-06-14 17:00:20,20210614_SnO2_H2_TPR_Sn_EXAFS_92.tra_0016,1588.0,5.497645999999999e-07,3.128284e-09,6.0898890000000005e-09,8.377632e-09,2.376342e-09,3.913325e-06,7.884784e-11,144.79905,2.01848e-06,0.0,2300.4546800666667,2300.4546800666667,2300.7117810666664,2300.7117810666664,41.4868512,35.9634544,40.07567146666667,21.706032266666664,33.594855466666665,40.617355133333334,17.179255533333333,7.453374333333333,-2.758378866666667,0.0,0.0,10.0,0.0,0.0,0.0,0.0,0.0,10.0,0.0,0.0,0.0,1.3856216000000001,0.383945,10.345956866666667,0.05955933333333333,0.14596066666666666,0.11006666666666667,1.0,0.0,1.0,1.0,0.0,0.0,1.0,0.0,0.0,0.0,450.0,151.98017813333334,151.00729406666667,0.0,0.0,0.0,-0.1514446,-0.0807002,-0.0492896,-0.006190999999999999,2300.7117810666664,2300.4546800666667,2300.4546800666667,2300.7117810666664,2300.7117810666664,2300.7117810666664,2300.5928503333334,2300.5928503333334,0.0,0.0,0.0,0.0
2021-06-14 17:02:05,20210614_SnO2_H2_TPR_Sn_EXAFS_92.tra_0017,1693.0,5.5131275e-07,2.9218825000000002e-09,5.7019275000000004e-09,8.3899425e-09,2.318655e-09,3.9113075e-06,7.0256425e-11,162.12555,2.01848e-06,0.0,2300.4681246,2300.4681246,2300.725166466667,2300.725166466667,41.528948533333335,35.96771473333333,40.05978593333333,21.71543893333333,33.595220866666665,40.61375913333333,17.323434733333333,8.494387733333333,5.159202533333334,0.0,0.0,10.0,0.0,0.0,0.0,0.0,0.0,10.0,0.0,0.0,0.0,1.3265224666666666,0.39795346666666664,10.340813266666666,0.0569852,0.1463982,0.10908166666666667,1.0,0.0,1.0,1.0,0.0,0.0,1.0,0.0,0.0,0.0,450.0,169.349622,168.33985520000002,0.0,0.0,0.0,0.3537249333333333,0.26612626666666667,0.18154793333333333,0.15974746666666667,2300.725166466667,2300.4681246,2300.4681246,2300.725166466667,2300.725166466667,2300.725166466667,2300.6059084,2300.6059084,0.0,0.0,0.0,0.0
2021-06-14 17:03:51,20210614_SnO2_H2_TPR_Sn_EXAFS_92.tra_0018,1799.0,5.453213699999999e-07,2.799472e-09,5.6035914e-09,8.3760712e-09,2.2408317e-09,3.9064849e-06,7.962476799999999e-11,179.66069299999998,2.01848e-06,0.0,2300.4873614,2300.4873614,2300.7452218,2300.7452218,41.5587624,35.9696754,40.054677999999996,21.722252,33.5948998,40.615131399999996,17.149432,7.2715928,4.183185,0.0,0.0,10.0,0.0,0.0,0.0,0.0,0.0,10.0,0.0,0.0,0.0,1.3335268,0.401674,10.3412512,0.0576136,0.14885020000000002,0.12044200000000001,1.0,0.0,1.0,1.0,0.0,0.0,1.0,0.0,0.0,0.0,450.0,186.9162844,185.91575600000002,0.0,0.0,0.0,0.3667704,0.3009072,0.25218280000000004,0.241545,2300.7452218,2300.4873614,2300.4873614,2300.7452218,2300.7452218,2300.7452218,2300.6240038,2300.6240038,0.0,0.0,0.0,0.0
2021-06-14 17:05:37,20210614_SnO2_H2_TPR_Sn_EXAFS_92.tra_0019,1905.0000000000002,5.4905045e-07,2.6186423e-09,5.6648564999999995e-09,8.349464e-09,2.1168667999999998e-09,3.9090961e-06,9.5243345e-11,197.209224,2.01848e-06,0.0,2300.4997994666664,2300.4997994666664,2300.7562835333333,2300.7562835333333,41.59329266666667,35.96634913333334,40.05149193333334,21.729408799999998,33.59513046666667,40.6167992,17.164393066666666,6.585827533333333,-2.516727733333333,0.0,0.0,10.0,0.0,0.0,0.0,0.0,0.0,10.0,0.0,0.0,0.0,1.4105747333333334,0.3877748,10.348036800000001,0.0580122,0.14928786666666666,0.11321866666666668,1.0,0.0,1.0,1.0,0.0,0.0,1.0,0.0,0.0,0.0,450.0,204.45794999999998,203.48356226666667,0.0,0.0,0.0,-0.06901193333333334,0.0025860666666666574,0.0455096,0.0896158,2300.7562835333333,2300.4997994666664,2300.4997994666664,2300.7562835333333,2300.7562835333333,2300.7562835333333,2300.6363793333335,2300.6363793333335,0.0,0.0,0.0,0.0
2021-06-14 17:07:22,20210614_SnO2_H2_TPR_Sn_EXAFS_92.tra_0020,2010.0000000000002,5.469933600000001e-07,2.4433152e-09,5.8210412e-09,8.3379232e-09,1.9444368e-09,3.9077708e-06,7.9119804e-11,214.34498,2.01848e-06,0.0,2300.5079078666668,2300.5079078666668,2300.7639109333336,2300.7639109333336,41.6247356,35.969632133333334,40.0553244,21.7323154,33.595004333333335,40.61700353333333,17.244528066666668,7.6522760000000005,5.167082,0.0,0.0,10.0,0.0,0.0,0.0,0.0,0.0,10.0,0.0,0.0,0.0,1.3449087333333334,0.397078,10.321879666666666,0.05697,0.14311526666666669,0.11190533333333334,1.0,0.0,1.0,1.0,0.0,0.0,1.0,0.0,0.0,0.0,450.0,222.07740153333333,221.06769933333334,0.0,0.0,0.0,0.45850566666666664,0.3805168,0.31719273333333337,0.29744913333333334,2300.7639109333336,2300.5079078666668,2300.5079078666668,2300.7639109333336,2300.7639109333336,2300.7639109333336,2300.6437959333334,2300.6437959333334,0.0,0.0,0.0,0.0
2021-06-14 17:09:08,20210614_SnO2_H2_TPR_Sn_EXAFS_92.tra_0021,2116.0,5.455729494949494e-07,2.32326101010101e-09,6.068425151515152e-09,8.349395555555555e-09,1.816180202020202e-09,3.897631818181818e-06,6.78453303030303e-11,231.9826191919192,2.01848e-06,0.0,2300.5192383333333,2300.5192383333333,2300.775526666667,2300.775526666667,41.647326,35.970688333333335,40.060536,21.734752666666665,33.595036,40.61386866666667,17.26804333333333,8.188357,3.402195,0.0,0.0,10.0,0.0,0.0,0.0,0.0,0.0,10.0,0.0,0.0,0.0,1.3147026666666666,0.3998136666666667,10.330197333333333,0.055897333333333334,0.14197666666666667,0.124973,1.0,0.0,1.0,1.0,0.0,0.0,1.0,0.0,0.0,0.0,450.0,239.591293,238.61371866666667,0.0,0.0,0.0,0.2678773333333333,0.23055733333333334,0.16051333333333334,0.150663,2300.775526666667,2300.5192383333333,2300.5192383333333,2300.775526666667,2300.775526666667,2300.775526666667,2300.656061,2300.656061,0.0,0.0,0.0,0.0
2021-06-14 17:10:56,20210614_SnO2_H2_TPR_Sn_EXAFS_92.tra_0022,2224.0,5.5487204e-07,2.1714325e-09,6.3437366e-09,8.4006891e-09,1.7358411e-09,3.901699400000001e-06,8.170221499999999e-11,250.343405,2.01848e-06,0.0,2300.5155209333334,2300.5155209333334,2300.7717520666665,2300.7717520666665,41.6731052,35.964812,40.06632166666667,21.739569133333333,33.5951064,40.612895800000004,17.483120466666666,8.642327866666667,0.9438763999999988,0.0,0.0,10.0,0.0,0.0,0.0,0.0,0.0,10.0,0.0,0.0,0.0,1.3405310666666665,0.3955454666666666,10.335559866666665,0.057490799999999995,0.1499446,0.112759,1.0,0.0,1.0,1.0,0.0,0.0,1.0,0.0,0.0,0.0,450.0,257.61627799999997,256.6536916,0.0,0.0,0.0,0.09640159999999998,0.09953099999999998,0.07081326666666665,0.08309306666666666,2300.7717520666665,2300.5155209333334,2300.5155209333334,2300.7717520666665,2300.7717520666665,2300.7717520666665,2300.6537142666666,2300.6537142666666,0.0,0.0,0.0,0.0
2021-06-14 17:12:42,20210614_SnO2_H2_TPR_Sn_EXAFS_92.tra_0023,2330.0,5.5613685e-07,2.0726206e-09,6.5673418e-09,8.3277626e-09,1.6971688e-09,3.9120574e-06,8.2851061e-11,267.828001,2.01848e-06,0.0,2300.538595,2300.538595,2300.7948926,2300.7948926,41.6925908,35.969688000000005,40.0704794,21.7443276,33.5947178,40.6206546,17.3795414,7.8519,3.2855283999999996,0.0,0.0,10.0,0.0,0.0,0.0,0.0,0.0,10.0,0.0,0.0,0.0,1.3650468,0.398391,10.3304162,0.0574296,0.1417578,0.115911,1.0,0.0,1.0,1.0,0.0,0.0,1.0,0.0,0.0,0.0,450.0,275.166278,274.166284,0.0,0.0,0.0,0.2889564,0.2427926,0.2072674,0.2075302,2300.7948926,2300.538595,2300.538595,2300.7948926,2300.7948926,2300.7948926,2300.675787,2300.675787,0.0,0.0,0.0,0.0
2021-06-14 17:14:27,20210614_SnO2_H2_TPR_Sn_EXAFS_92.tra_0024,2435.0,5.4915804e-07,1.9948804e-09,6.7737129999999995e-09,8.349268399999999e-09,1.686193e-09,3.910784199999999e-06,8.817388000000001e-11,285.09808599999997,2.01848e-06,0.0,2300.5500342,2300.5500342,2300.8071626,2300.8071626,41.7142308,35.973376800000004,40.0662204,21.746688,33.5950824,40.6225142,17.277874999999998,7.785242,2.8449088,0.0,0.0,10.0,0.0,0.0,0.0,0.0,0.0,10.0,0.0,0.0,0.0,1.3006934,0.401018,10.3369828,0.0565562,0.1384746,0.11748700000000001,1.0,0.0,1.0,1.0,0.0,0.0,1.0,0.0,0.0,0.0,450.0,292.5246156,291.585486,0.0,0.0,0.0,0.2099598,0.1748942,0.12669519999999998,0.1238062,2300.8071626,2300.5500342,2300.5500342,2300.8071626,2300.8071626,2300.8071626,2300.6884238000002,2300.6884238000002,0.0,0.0,0.0,0.0
2021-06-14 17:16:13,20210614_SnO2_H2_TPR_Sn_EXAFS_92.tra_0025,2541.0,5.476555999999999e-07,1.8783580000000003e-09,6.913886e-09,8.30321e-09,1.6534604e-09,3.9131507999999995e-06,9.174288e-11,302.46816,2.01848e-06,0.0,2300.5537393333334,2300.5537393333334,2300.8117093333335,2300.8117093333335,41.736630999999996,35.979821333333334,40.062251333333336,21.75181166666667,33.594788,40.61918966666667,17.335041333333333,7.197139,-2.3490596666666668,0.0,0.0,10.0,0.0,0.0,0.0,0.0,0.0,10.0,0.0,0.0,0.0,1.37818,0.38613333333333333,10.336216666666667,0.059881000000000004,0.13869366666666666,0.11183966666666667,1.0,0.0,1.0,1.0,0.0,0.0,1.0,0.0,0.0,0.0,450.0,310.174622,309.1228943333333,0.0,0.0,0.0,-0.0456786666666667,0.02688299999999999,0.06081,0.10327433333333333,2300.8117093333335,2300.5537393333334,2300.5537393333334,2300.8117093333335,2300.8117093333335,2300.8117093333335,2300.6920586666665,2300.6920586666665,0.0,0.0,0.0,0.0
2021-06-14 17:17:58,20210614_SnO2_H2_TPR_Sn_EXAFS_92.tra_0026,2646.0,5.461272323232323e-07,1.8043854545454547e-09,7.039728888888889e-09,8.33539e-09,1.6806070707070707e-09,3.914251717171717e-06,9.634009090909091e-11,319.62946262626264,2.01848e-06,0.0,2300.5822053333336,2300.5822053333336,2300.840463,2300.840463,41.765446,35.96960333333333,40.06418266666667,21.757895666666666,33.59493366666667,40.623435666666666,17.39534,8.0745,-0.10218666666666687,0.0,0.0,10.0,0.0,0.0,0.0,0.0,0.0,10.0,0.0,0.0,0.0,1.3562910000000001,0.38175566666666666,10.344425,0.05850233333333334,0.14416600000000002,0.11348133333333334,1.0,0.0,1.0,1.0,0.0,0.0,1.0,0.0,0.0,0.0,450.0,327.507965,326.60438066666666,0.0,0.0,0.0,0.08215133333333333,0.10283633333333334,0.08379333333333334,0.09626966666666666,2300.840463,2300.5822053333336,2300.5822053333336,2300.840463,2300.840463,2300.840463,2300.7201726666667,2300.7201726666667,0.0,0.0,0.0,0.0
2021-06-14 17:19:44,20210614_SnO2_H2_TPR_Sn_EXAFS_92.tra_0027,2752.0,5.516301818181818e-07,1.7324945454545454e-09,7.2175872727272725e-09,8.331322727272728e-09,1.6840363636363635e-09,3.92032e-06,1.0024938181818182e-10,337.4323636363636,2.01848e-06,0.0,2300.5715726666667,2300.5715726666667,2300.8297482000003,2300.8297482000003,41.78911286666667,35.97533786666667,40.06186486666667,21.762448933333335,33.5951152,40.622468866666665,17.027553,6.5574828,-3.368198,0.0,0.0,10.0,0.0,0.0,0.0,0.0,0.0,10.0,0.0,0.0,0.0,1.3291491333333334,0.3916052,10.336983,0.05663286666666667,0.15064473333333334,0.114729,1.0,0.0,1.0,1.0,0.0,0.0,1.0,0.0,0.0,0.0,450.0,345.307965,344.25059573333334,0.0,0.0,0.0,-0.11821759999999999,-0.024884133333333336,0.027123466666666658,0.07783926666666667,2300.8297482000003,2300.5715726666667,2300.5715726666667,2300.8297482000003,2300.8297482000003,2300.8297482000003,2300.7099098,2300.7099098,0.0,0.0,0.0,0.0
2021-06-14 17:21:32,20210614_SnO2_H2_TPR_Sn_EXAFS_92.tra_0028,2860.0,5.505705e-07,1.6378805e-09,7.4730645e-09,8.342903e-09,1.6637590000000001e-09,3.9245115e-06,8.8101425e-11,355.534115,2.01848e-06,0.0,2300.5855677333334,2300.5855677333334,2300.843270133333,2300.843270133333,41.7912846,35.976585066666665,40.06678253333333,21.7666716,33.594727999999996,40.625117599999996,17.7775666,8.728259733333333,-2.3856146666666667,0.0,0.0,10.0,0.0,0.0,0.0,0.0,0.0,10.0,0.0,0.0,0.0,1.3273975333333334,0.40539546666666665,10.333261866666666,0.056878066666666664,0.13952533333333333,0.11486033333333334,1.0,0.0,1.0,1.0,0.0,0.0,1.0,0.0,0.0,0.0,450.0,363.166278,362.2201134,0.0,0.0,0.0,-0.12970866666666667,-0.06102200000000005,-0.04874319999999999,-0.010481733333333326,2300.843270133333,2300.5855677333334,2300.5855677333334,2300.843270133333,2300.843270133333,2300.843270133333,2300.7234146,2300.7234146,0.0,0.0,0.0,0.0
2021-06-14 17:23:20,20210614_SnO2_H2_TPR_Sn_EXAFS_92.tra_0029,2968.0,5.5065865e-07,1.5799721e-09,7.911904500000001e-09,8.344214399999999e-09,1.6487551e-09,3.9232716e-06,8.4708214e-11,373.529831,2.01848e-06,0.0,2300.6015573333334,2300.6015573333334,2300.8589477333335,2300.8589477333335,41.8159546,35.985084,40.05574646666667,21.7702404,33.59529513333333,40.62546893333333,17.114028933333334,7.1377342666666665,0.68515,0.0,0.0,10.0,0.0,0.0,0.0,0.0,0.0,10.0,0.0,0.0,0.0,1.3370291333333333,0.4055046,10.3414696,0.055713266666666664,0.1463982,0.11328433333333333,1.0,0.0,1.0,1.0,0.0,0.0,1.0,0.0,0.0,0.0,450.0,381.066278,380.0293845333333,0.0,0.0,0.0,0.045597933333333326,0.046866733333333334,0.0635684,0.09340266666666668,2300.8589477333335,2300.6015573333334,2300.6015573333334,2300.8589477333335,2300.8589477333335,2300.8589477333335,2300.7402579333334,2300.7402579333334,0.0,0.0,0.0,0.0
2021-06-14 17:25:06,20210614_SnO2_H2_TPR_Sn_EXAFS_92.tra_0030,3074.0,5.515565699999999e-07,1.5338935999999999e-09,8.4611993e-09,8.3690085e-09,1.6588946e-09,3.9299995e-06,8.0129998e-11,390.811802,2.01848e-06,0.0,2300.6072242,2300.6072242,2300.8643654,2300.8643654,41.8376502,35.9840942,40.051597599999994,21.769528599999997,33.5954818,40.6284222,17.2851372,7.8814214,-2.328923,0.0,0.0,10.0,0.0,0.0,0.0,0.0,0.0,10.0,0.0,0.0,0.0,1.3689866,0.3997044,10.3448626,0.056648,0.1459606,0.111971,1.0,0.0,1.0,1.0,0.0,0.0,1.0,0.0,0.0,0.0,450.0,398.5829594,397.6081174,0.0,0.0,0.0,-0.12001260000000001,-0.0468602,-0.026241200000000003,0.014668800000000001,2300.8643654,2300.6072242,2300.6072242,2300.8643654,2300.8643654,2300.8643654,2300.7454186,2300.7454186,0.0,0.0,0.0,0.0
2021-06-14 17:26:52,20210614_SnO2_H2_TPR_Sn_EXAFS_92.tra_0031,3180.0,5.530163e-07,1.4643345e-09,9.131382e-09,8.3925405e-09,1.6399465e-09,3.928983e-06,8.321555e-11,407.96526,2.01848e-06,0.0,2300.6229068000002,2300.6229068000002,2300.879901733333,2300.879901733333,41.85850753333334,35.97277293333333,40.0372528,21.7738892,33.59498326666667,40.6321368,17.5782234,8.9487112,3.403070666666667,0.0,0.0,10.0,0.0,0.0,0.0,0.0,0.0,10.0,0.0,0.0,0.0,1.3344024666666667,0.41743433333333335,10.323740133333333,0.060019333333333334,0.13602319999999998,0.113744,1.0,0.0,1.0,1.0,0.0,0.0,1.0,0.0,0.0,0.0,450.0,416.124622,415.0151328,0.0,0.0,0.0,0.2945816666666667,0.2529054,0.17999426666666668,0.16572313333333333,2300.879901733333,2300.6229068000002,2300.6229068000002,2300.879901733333,2300.879901733333,2300.879901733333,2300.7605312,2300.7605312,0.0,0.0,0.0,0.0
2021-06-14 17:28:37,20210614_SnO2_H2_TPR_Sn_EXAFS_92.tra_0032,3285.0,5.582773541666667e-07,1.4409460416666668e-09,9.931200833333333e-09,8.393005416666666e-09,1.6189514583333334e-09,3.93935e-06,9.884224791666667e-11,425.6586875,2.01848e-06,0.0,2300.6516378,2300.6516378,2300.909029133333,2300.909029133333,41.886553666666664,35.98512986666667,40.02064393333333,21.77971266666667,33.59533966666667,40.638753533333336,17.545572466666666,8.401823799999999,1.7029744666666666,0.0,0.0,10.0,0.0,0.0,0.0,0.0,0.0,10.0,0.0,0.0,0.0,1.3103245333333333,0.38996386666666666,10.347708066666666,0.055330066666666664,0.1435528,0.11144566666666667,1.0,0.0,1.0,1.0,0.0,0.0,1.0,0.0,0.0,0.0,450.0,433.74407353333334,432.8786538,0.0,0.0,0.0,0.11255486666666666,0.08950659999999999,0.06523166666666667,0.07917513333333334,2300.909029133333,2300.6516378,2300.6516378,2300.909029133333,2300.909029133333,2300.909029133333,2300.7890054,2300.7890054,0.0,0.0,0.0,0.0
2021-06-14 17:30:23,20210614_SnO2_H2_TPR_Sn_EXAFS_92.tra_0033,3391.0,5.620300000000001e-07,1.438236e-09,1.083162e-08,8.376514e-09,1.6056980000000001e-09,3.941204e-06,9.448364e-11,443.22842,2.01848e-06,0.0,2300.654415,2300.654415,2300.912888,2300.912888,41.89384533333333,35.979181,40.00520066666667,21.785651666666666,33.59521566666667,40.635286,17.409903,7.790926,4.671740333333333,0.0,0.0,10.0,0.0,0.0,0.0,0.0,0.0,10.0,0.0,0.0,0.0,1.31908,0.40090833333333337,10.333480333333332,0.05643366666666667,0.14482233333333333,0.120048,1.0,0.0,1.0,1.0,0.0,0.0,1.0,0.0,0.0,0.0,450.0,450.0,449.5255333333333,0.0,0.0,0.0,0.3417516666666667,0.276414,0.22103533333333333,0.211952,2300.912888,2300.654415,2300.654415,2300.912888,2300.912888,2300.912888,2300.7950573333333,2300.7950573333333,0.0,0.0,0.0,0.0
2021-06-14 17:32:09,20210614_SnO2_H2_TPR_Sn_EXAFS_92.tra_0034,3497.0,5.6282378e-07,1.4183682e-09,1.1683556e-08,8.434055399999999e-09,1.6143318000000001e-09,3.9318698e-06,9.9861022e-11,449.049618,2.01848e-06,0.0,2300.6640816,2300.6640816,2300.922165,2300.922165,41.9201206,35.9765502,39.995987,21.7874928,33.5950676,40.6319118,17.3438064,8.1553602,1.8185479999999998,0.0,0.0,10.0,0.0,0.0,0.0,0.0,0.0,10.0,0.0,0.0,0.0,1.3899994,0.3951078,10.340922599999999,0.0579352,0.1417578,0.110198,1.0,0.0,1.0,1.0,0.0,0.0,1.0,0.0,0.0,0.0,450.0,450.0,450.0573852,0.0,0.0,0.0,0.1801474,0.1689188,0.1289274,0.1329992,2300.922165,2300.6640816,2300.6640816,2300.922165,2300.922165,2300.922165,2300.8056052,2300.8056052,0.0,0.0,0.0,0.0
2021-06-14 17:33:55,20210614_SnO2_H2_TPR_Sn_EXAFS_92.tra_0035,3603.0,5.587308775510204e-07,1.3616522448979591e-09,1.2851161224489796e-08,8.467317142857143e-09,1.5934473469387755e-09,3.936768571428571e-06,1.120625306122449e-10,449.4130877551021,2.01848e-06,0.0,2300.678341,2300.678341,2300.9365398666664,2300.9365398666664,41.929976866666664,35.979943266666666,39.998392,21.791592866666665,33.59543386666667,40.633015400000005,17.449583,8.442686133333334,1.838247,0.0,0.0,10.0,0.0,0.0,0.0,0.0,0.0,10.0,0.0,0.0,0.0,1.3646085333333333,0.3955454666666666,10.348365066666666,0.057736133333333335,0.14359666666666665,0.12077033333333334,1.0,0.0,1.0,1.0,0.0,0.0,1.0,0.0,0.0,0.0,450.0,450.0,449.9546918,0.0,0.0,0.0,0.216614,0.20302086666666666,0.14547566666666667,0.14041946666666666,2300.9365398666664,2300.678341,2300.678341,2300.9365398666664,2300.9365398666664,2300.9365398666664,2300.8200388,2300.8200388,0.0,0.0,0.0,0.0
2021-06-14 17:35:40,20210614_SnO2_H2_TPR_Sn_EXAFS_92.tra_0036,3708.0000000000005,5.548147755102041e-07,1.2661081632653062e-09,1.2832197959183673e-08,8.489871020408163e-09,1.5827983673469387e-09,3.9458824489795915e-06,8.705640408163264e-11,449.4098,2.01848e-06,0.0,2300.6976511333332,2300.6976511333332,2300.9554978666665,2300.9554978666665,41.93918393333333,35.98353873333333,40.011226066666666,21.795208466666665,33.5952756,40.63786533333334,17.405391466666668,7.8985064666666664,2.4441260666666667,0.0,0.0,10.0,0.0,0.0,0.0,0.0,0.0,10.0,0.0,0.0,0.0,1.3414066666666666,0.40473879999999995,10.347379866666666,0.05851713333333333,0.136505,0.11269333333333334,1.0,0.0,1.0,1.0,0.0,0.0,1.0,0.0,0.0,0.0,450.0,450.0,449.96605420000003,0.0,0.0,0.0,0.24257393333333335,0.217971,0.17780506666666665,0.17841826666666666,2300.9554978666665,2300.6976511333332,2300.6976511333332,2300.9554978666665,2300.9554978666665,2300.9554978666665,2300.838887133333,2300.838887133333,0.0,0.0,0.0,0.0
2021-06-14 17:37:26,20210614_SnO2_H2_TPR_Sn_EXAFS_92.tra_0037,3814.0000000000005,5.56201306122449e-07,1.2290414285714286e-09,1.1887404081632652e-08,8.432124081632652e-09,1.5690814285714286e-09,3.944287551020408e-06,1.0456323469387754e-10,449.4481877551021,2.01848e-06,0.0,2300.7208946,2300.7208946,2300.9798432666666,2300.9798432666666,41.95324346666666,35.984291,40.007159333333334,21.8004928,33.59545646666667,40.63784626666667,17.226811066666667,7.99341,0.23227373333333334,0.0,0.0,10.0,0.0,0.0,0.0,0.0,0.0,10.0,0.0,0.0,0.0,1.3094493999999999,0.3922619333333333,10.320237666666666,0.057613533333333335,0.137293,0.11617366666666668,1.0,0.0,1.0,1.0,0.0,0.0,1.0,0.0,0.0,0.0,450.0,450.0,450.09520853333333,0.0,0.0,0.0,0.07403086666666667,0.100538,0.07790526666666668,0.0957664,2300.9798432666666,2300.7208946,2300.7208946,2300.9798432666666,2300.9798432666666,2300.9798432666666,2300.8630594666665,2300.8630594666665,0.0,0.0,0.0,0.0
2021-06-14 17:39:12,20210614_SnO2_H2_TPR_Sn_EXAFS_92.tra_0038,3920.0000000000005,5.622081428571428e-07,1.1900895918367347e-09,1.0669097142857143e-08,8.453656122448979e-09,1.5352932653061225e-09,3.939913673469388e-06,9.894028571428571e-11,449.70702040816326,2.01848e-06,0.0,2300.74493,2300.74493,2301.0033792,2301.0033792,41.966730000000005,35.9832514,40.0192142,21.8027272,33.5950876,40.6343354,17.3654924,7.846492,-0.4705716000000004,0.0,0.0,10.0,0.0,0.0,0.0,0.0,0.0,10.0,0.0,0.0,0.0,1.2888738,0.3898544,10.334684,0.0558208,0.1455668,0.118275,1.0,0.0,1.0,1.0,0.0,0.0,1.0,0.0,0.0,0.0,450.0,450.0,449.9516662,0.0,0.0,0.0,0.04526920000000001,0.06871180000000002,0.06621660000000001,0.0862452,2301.0033792,2300.74493,2300.74493,2301.0033792,2301.0033792,2301.0033792,2300.8878854,2300.8878854,0.0,0.0,0.0,0.0
2021-06-14 17:40:58,20210614_SnO2_H2_TPR_Sn_EXAFS_92.tra_0039,4026.0000000000005,5.542919072164948e-07,1.1324834020618557e-09,9.475597525773197e-09,8.453725670103091e-09,1.5118557731958764e-09,3.9322102061855665e-06,9.983133608247423e-11,449.3704206185567,2.01848e-06,0.0,2300.7472230000003,2300.7472230000003,2301.0057056666665,2301.0057056666665,41.976579666666666,35.984171,40.01589366666666,21.803894666666665,33.595559333333334,40.638778333333335,17.355906333333333,8.391416,4.149695,0.0,0.0,10.0,0.0,0.0,0.0,0.0,0.0,10.0,0.0,0.0,0.0,1.351913,0.40036066666666664,10.345519,0.05566733333333333,0.14788700000000002,0.10986966666666667,1.0,0.0,1.0,1.0,0.0,0.0,1.0,0.0,0.0,0.0,450.0,450.0,449.98625666666663,0.0,0.0,0.0,0.3199726666666666,0.261201,0.187436,0.170144,2301.0057056666665,2300.7472230000003,2300.7472230000003,2301.0057056666665,2301.0057056666665,2301.0057056666665,2300.8895406666666,2300.8895406666666,0.0,0.0,0.0,0.0
2021-06-14 17:42:43,20210614_SnO2_H2_TPR_Sn_EXAFS_92.tra_0040,4131.0,5.646387894736842e-07,1.0602056842105263e-09,8.528025894736842e-09,8.407711684210526e-09,1.5344483157894736e-09,3.9339574736842105e-06,9.498673684210527e-11,449.48674736842105,2.01848e-06,0.0,2300.7678906666665,2300.7678906666665,2301.0262049999997,2301.0262049999997,41.997490666666664,35.98017266666667,40.02537766666667,21.806123666666668,33.595522333333335,40.643479,17.360663000000002,8.204420666666667,0.5271136666666671,0.0,0.0,10.0,0.0,0.0,0.0,0.0,0.0,10.0,0.0,0.0,0.0,1.402257,0.40036066666666664,10.328008333333333,0.05727633333333333,0.13913133333333333,0.114138,1.0,0.0,1.0,1.0,0.0,0.0,1.0,0.0,0.0,0.0,450.0,450.0,450.06442266666664,0.0,0.0,0.0,0.14595699999999998,0.16368700000000003,0.12888366666666667,0.13610766666666668,2301.0262049999997,2300.7678906666665,2300.7678906666665,2301.0262049999997,2301.0262049999997,2301.0262049999997,2300.909512333333,2300.909512333333,0.0,0.0,0.0,0.0
2021-06-14 17:44:29,20210614_SnO2_H2_TPR_Sn_EXAFS_92.tra_0041,4237.0,5.650563999999999e-07,1.0110989999999998e-09,7.7774395e-09,8.3901625e-09,1.533505e-09,3.9345225e-06,8.5499975e-11,449.576425,2.01848e-06,0.0,2300.7818276666667,2300.7818276666667,2301.041659066667,2301.041659066667,42.01194653333334,35.986759733333336,40.02987373333333,21.810279,33.5950818,40.6403012,17.4142568,7.607861,-2.4055332,0.0,0.0,10.0,0.0,0.0,0.0,0.0,0.0,10.0,0.0,0.0,0.0,1.3746776,0.39948553333333336,10.341688866666667,0.056862666666666666,0.13965633333333333,0.11328433333333333,1.0,0.0,1.0,1.0,0.0,0.0,1.0,0.0,0.0,0.0,450.0,450.0,450.0522582,0.0,0.0,0.0,-0.06778573333333335,0.0069636,0.044240466666666665,0.08775506666666666,2301.041659066667,2300.7818276666667,2300.7818276666667,2301.041659066667,2301.041659066667,2301.041659066667,2300.9245177999996,2300.9245177999996,0.0,0.0,0.0,0.0
2021-06-14 17:46:15,20210614_SnO2_H2_TPR_Sn_EXAFS_92.tra_0042,4343.0,5.60523303030303e-07,9.78828393939394e-10,7.2152190909090915e-09,8.414344242424241e-09,1.529839090909091e-09,3.9316166666666665e-06,8.062677878787879e-11,449.4619212121212,2.01848e-06,0.0,2300.8017166,2300.8017166,2301.062902,2301.062902,42.0197242,35.9905168,40.0417972,21.8114882,33.5949054,40.6389912,17.388986199999998,8.078578,-0.26306840000000076,0.0,0.0,10.0,0.0,0.0,0.0,0.0,0.0,10.0,0.0,0.0,0.0,1.4083858,0.39182459999999997,10.3340274,0.0600954,0.1425458,0.109016,1.0,0.0,1.0,1.0,0.0,0.0,1.0,0.0,0.0,0.0,450.0,450.0,449.9917178,0.0,0.0,0.0,-0.008051999999999948,0.01729539999999996,0.01013780000000003,0.034762600000000005,2301.062902,2300.8017166,2300.8017166,2301.062902,2301.062902,2301.062902,2300.9460924,2300.9460924,0.0,0.0,0.0,0.0
2021-06-14 17:48:01,20210614_SnO2_H2_TPR_Sn_EXAFS_92.tra_0043,4449.0,5.588055e-07,9.2631174e-10,6.8139296e-09,8.379596e-09,1.5312638e-09,3.9304248e-06,8.0102164e-11,449.565646,2.01848e-06,0.0,2300.808436266667,2300.808436266667,2301.0692672,2301.0692672,42.03698166666667,35.981691399999995,40.065759666666665,21.813328266666666,33.594984933333336,40.6369204,17.277806133333335,8.337515866666667,4.343848333333334,0.0,0.0,10.0,0.0,0.0,0.0,0.0,0.0,10.0,0.0,0.0,0.0,1.3348398666666668,0.39850073333333336,10.362045733333334,0.05602006666666667,0.14968206666666667,0.11446633333333334,1.0,0.0,1.0,1.0,0.0,0.0,1.0,0.0,0.0,0.0,450.0,450.0,450.0874617333333,0.0,0.0,0.0,0.31417153333333336,0.24962173333333335,0.17598833333333333,0.16211126666666664,2301.0692672,2300.808436266667,2300.808436266667,2301.0692672,2301.0692672,2301.0692672,2300.954009933333,2300.954009933333,0.0,0.0,0.0,0.0
2021-06-14 17:49:47,20210614_SnO2_H2_TPR_Sn_EXAFS_92.tra_0044,4555.0,5.585621616161616e-07,8.878722626262627e-10,6.501895252525252e-09,8.348054545454545e-09,1.5408769696969697e-09,3.926000707070707e-06,8.728040303030303e-11,449.6437848484848,2.01848e-06,0.0,2300.812525133333,2300.812525133333,2301.075010533333,2301.075010533333,42.032283,35.9865784,40.08000426666667,21.814408466666666,33.59547406666666,40.63228793333333,17.348028066666664,7.6243792,-3.1215125333333322,0.0,0.0,10.0,0.0,0.0,0.0,0.0,0.0,10.0,0.0,0.0,0.0,1.384746,0.400361,10.345847333333333,0.058103666666666665,0.13685519999999998,0.11696166666666667,1.0,0.0,1.0,1.0,0.0,0.0,1.0,0.0,0.0,0.0,450.0,450.0,449.98215526666667,0.0,0.0,0.0,-0.20680140000000008,-0.11014066666666666,-0.0909656666666667,-0.04758279999999998,2301.075010533333,2300.812525133333,2300.812525133333,2301.075010533333,2301.075010533333,2301.075010533333,2300.9602354,2300.9602354,0.0,0.0,0.0,0.0
2021-06-14 17:51:32,20210614_SnO2_H2_TPR_Sn_EXAFS_92.tra_0045,4660.0,5.551396000000001e-07,8.56153e-10,6.2665240000000004e-09,8.343075e-09,1.542218e-09,3.918433e-06,8.778435e-11,449.6248,2.01848e-06,0.0,2300.8381999333337,2300.8381999333337,2301.1013316666667,2301.1013316666667,42.04823486666667,35.97910193333333,40.09581426666667,21.812033066666665,33.5952674,40.637881400000005,17.342884,8.1417874,5.481185333333333,0.0,0.0,10.0,0.0,0.0,0.0,0.0,0.0,10.0,0.0,0.0,0.0,1.3208311333333334,0.38285020000000003,10.334902933333332,0.0568166,0.14184553333333333,0.11210233333333333,1.0,0.0,1.0,1.0,0.0,0.0,1.0,0.0,0.0,0.0,450.0,450.0,450.0107364666667,0.0,0.0,0.0,0.37749593333333337,0.29431846666666667,0.20853719999999998,0.18894666666666665,2301.1013316666667,2300.8381999333337,2300.8381999333337,2301.1013316666667,2301.1013316666667,2301.1013316666667,2300.986254066667,2300.986254066667,0.0,0.0,0.0,0.0
2021-06-14 17:53:18,20210614_SnO2_H2_TPR_Sn_EXAFS_92.tra_0046,4766.0,5.507985046728972e-07,8.32005570093458e-10,6.096814953271028e-09,8.34715093457944e-09,1.546451214953271e-09,3.921793084112149e-06,7.825271682242991e-11,449.6248,2.01848e-06,0.0,2300.858332,2300.858332,2301.122326,2301.122326,42.057413,35.989698,40.11177,21.816076,33.595352,40.637714,17.059265,7.209277,1.48365,0.0,0.0,10.0,0.0,0.0,0.0,0.0,0.0,10.0,0.0,0.0,0.0,1.31908,0.400361,10.335669,0.057659,0.143071,0.116108,1.0,0.0,1.0,1.0,0.0,0.0,1.0,0.0,0.0,0.0,450.0,450.0,450.015717,0.0,0.0,0.0,0.069237,0.045598,0.041658,0.062342,2301.122326,2300.858332,2300.858332,2301.122326,2301.122326,2301.122326,2301.00446,2301.00446,0.0,0.0,0.0,0.0
2021-06-14 17:55:04,20210614_SnO2_H2_TPR_Sn_EXAFS_92.tra_0047,4872.0,5.528405754716981e-07,7.993587735849057e-10,5.972046320754717e-09,8.332381132075472e-09,1.5698081132075471e-09,3.916133867924528e-06,7.664092547169812e-11,449.4346113207547,2.01848e-06,0.0,2300.8772274,2300.8772274,2301.1415756666665,2301.1415756666665,42.06754266666667,35.98479686666666,40.128978133333334,21.8169,33.594935066666665,40.63931353333333,17.461699133333333,9.127942066666668,5.3855314,0.0,0.0,10.0,0.0,0.0,0.0,0.0,0.0,10.0,0.0,0.0,0.0,1.3006933333333333,0.38711819999999997,10.333699333333334,0.05743,0.1401382,0.110789,1.0,0.0,1.0,1.0,0.0,0.0,1.0,0.0,0.0,0.0,450.0,450.0,449.9162781333333,0.0,0.0,0.0,0.35562946666666667,0.2743564,0.1815266,0.15749233333333332,2301.1415756666665,2300.8772274,2300.8772274,2301.1415756666665,2301.1415756666665,2301.1415756666665,2301.023013533333,2301.023013533333,0.0,0.0,0.0,0.0
2021-06-14 17:56:50,20210614_SnO2_H2_TPR_Sn_EXAFS_92.tra_0048,4978.0,5.521268878504673e-07,7.733170560747664e-10,5.875830560747663e-09,8.325506074766355e-09,1.551309065420561e-09,3.906394205607476e-06,8.169832803738318e-11,449.39371028037385,2.01848e-06,0.0,2300.8885554666663,2300.8885554666663,2301.1525765333336,2301.1525765333336,42.07996666666667,35.983937133333335,40.1469254,21.818706866666666,33.595214733333336,40.6468344,17.3876566,7.6853928,0.05278513333333333,0.0,0.0,10.0,0.0,0.0,0.0,0.0,0.0,10.0,0.0,0.0,0.0,1.3571661333333334,0.39499826666666665,10.329211866666666,0.05902293333333333,0.141101,0.11190533333333334,1.0,0.0,1.0,1.0,0.0,0.0,1.0,0.0,0.0,0.0,450.0,450.0,449.91823726666667,0.0,0.0,0.0,0.012610866666666668,0.029312333333333336,0.047807866666666664,0.08142953333333333,2301.1525765333336,2300.8885554666663,2300.8885554666663,2301.1525765333336,2301.1525765333336,2301.1525765333336,2301.035876133333,2301.035876133333,0.0,0.0,0.0,0.0
2021-06-14 17:58:36,20210614_SnO2_H2_TPR_Sn_EXAFS_92.tra_0049,5084.0,5.515591886792453e-07,7.415854528301887e-10,5.784227547169811e-09,8.332950943396228e-09,1.5304622641509433e-09,3.9031192452830185e-06,7.139895094339623e-11,449.634941509434,2.01848e-06,0.0,2300.9054054,2300.9054054,2301.1700044,2301.1700044,42.0938068,35.9884334,40.156401800000005,21.8193952,33.5951086,40.6424558,17.4420906,7.9968324,2.1350578000000002,0.0,0.0,10.0,0.0,0.0,0.0,0.0,0.0,10.0,0.0,0.0,0.0,1.3282736,0.414151,10.3504444,0.059176400000000004,0.1407076,0.115123,1.0,0.0,1.0,1.0,0.0,0.0,1.0,0.0,0.0,0.0,450.0,450.0,450.139984,0.0,0.0,0.0,0.2659072,0.2462734,0.2129804,0.2102228,2301.1700044,2300.9054054,2300.9054054,2301.1700044,2301.1700044,2301.1700044,2301.0540084,2301.0540084,0.0,0.0,0.0,0.0
2021-06-14 18:00:22,20210614_SnO2_H2_TPR_Sn_EXAFS_92.tra_0050,5190.0,5.503507757009346e-07,7.064580093457944e-10,5.7223983177570096e-09,8.308282056074767e-09,1.5607781308411215e-09,3.897802242990654e-06,6.490792897196262e-11,449.620746728972,2.01848e-06,0.0,2300.9289016000002,2300.9289016000002,2301.1936742,2301.1936742,42.10355393333333,35.98590046666667,40.1639854,21.823361933333334,33.59534206666667,40.6454276,17.550540933333334,7.784244,-2.4072843333333336,0.0,0.0,10.0,0.0,0.0,0.0,0.0,0.0,10.0,0.0,0.0,0.0,1.31908,0.4023313333333333,10.330963466666667,0.05640266666666666,0.13882473333333334,0.11085466666666667,1.0,0.0,1.0,1.0,0.0,0.0,1.0,0.0,0.0,0.0,450.0,450.0,450.0029320666667,0.0,0.0,0.0,-0.051041,0.01420953333333333,0.039359466666666676,0.07389973333333333,2301.1936742,2300.9289016000002,2300.9289016000002,2301.1936742,2301.1936742,2301.1936742,2301.0788361333334,2301.0788361333334,0.0,0.0,0.0,0.0
