,Enregy,Sample,Fit,component: 20210614_SnO2_H2_TPR_Sn_EXAFS_92.tra_0001,component: 20210614_SnO2_H2_TPR_Sn_EXAFS_92.tra_0031,component: 20210614_SnO2_H2_TPR_Sn_EXAFS_92.tra_0050
0,29149.9617271983,0.006749013169611515,0.006207209574958821,0.004113612083102342,0.002093597491856479,0.0
1,29150.27490923,0.004535442910933585,0.004947489243032099,0.002532064372913561,0.0024154248701185378,0.0
2,29150.535899429,0.004707128100405794,0.005595870700721289,0.0028288246085064624,0.0027670460922148265,0.0
3,29150.7968943305,0.002877918504033767,0.0061936797182261406,0.004162341557337332,0.002031338160888809,0.0
4,29151.1100944197,0.004415175222042129,0.004923704370512483,0.0025618248113775544,0.002361879559134929,0.0
5,29151.423301281,0.003905399873907142,0.004996010557573705,0.0020541584802366668,0.0029418520773370374,0.0
6,29151.6843121719,0.005537738752208027,0.005424581629267788,0.002783391715043451,0.0026411899142243372,0.0
7,29151.9453277658,0.005402664281911263,0.004606605271959703,0.002173712807795739,0.0024328924641639636,0.0
8,29152.2585526868,0.0077221237548423935,0.005702037465788311,0.0032275962202317657,0.0024744412455565456,0.0
9,29152.5195786279,0.005498615493617922,0.006883198339301944,0.004148270302253938,0.0027349280370480068,0.0
10,29152.7806092724,0.006181044564785141,0.005933264473491082,0.003185189701196195,0.0027480747722948866,0.0
11,29153.0938522547,0.004809918826252823,0.006846952597393205,0.0037045578385358677,0.0031423947588573374,0.0
12,29153.3548932473,0.0070805329732654,0.007400104857271939,0.004853413681183756,0.0025466911760881833,0.0
13,29153.6681486475,0.005311428558262683,0.007018150263916373,0.00427959807812497,0.002738552185791403,0.0
14,29153.9291999888,0.008311520956601082,0.007180456025850412,0.004085601683713658,0.0030948543421367544,0.0
15,29154.1902560341,0.007569182299016402,0.00853600597539576,0.005456878489863387,0.003079127485532374,0.0
16,29154.5035294983,0.005604061570208554,0.008553058384952756,0.006119863571654759,0.0024331948132979976,0.0
17,29154.7645958932,0.006679028122618819,0.0084532384339036,0.006077346207029422,0.002375892226874179,0.0
18,29155.0778817772,0.00929722260540985,0.0077011855913158775,0.004818490351754878,0.002882695239561,0.0
19,29155.3389585223,0.008759346911233428,0.007603631699081855,0.004514169889309518,0.0030894618097723377,0.0
20,29155.6000399722,0.008155259106973674,0.00991933483061479,0.006359662747030312,0.0035596720835844786,0.0
21,29155.9133439227,0.00893200894419362,0.009233178312879613,0.006319136853191827,0.0029140414596877853,0.0
22,29156.2266546485,0.009287595206466307,0.00833959687409131,0.005260702559742356,0.003078894314348953,0.0
23,29156.4877520958,0.010077873091079397,0.009596613235964425,0.006112814113911041,0.0034837991220533857,0.0
24,29156.8010752437,0.010415513244806896,0.00879618333759151,0.004933104965353461,0.0038630783722380484,0.0
25,29157.062183043,0.008383307977199559,0.009256909885289422,0.005729297556811158,0.0035276123284782644,0.0
26,29157.3755186136,0.008424138172960467,0.011262352545590545,0.0065943788568621434,0.0046679736887284004,0.0
27,29157.6366367656,0.008010465376127587,0.010083088862168792,0.005347363323175949,0.004735725538992842,0.0
28,29157.8977596234,0.009272830707322637,0.008200221161354897,0.004520627559219601,0.003679593602135296,0.0
29,29158.2111132649,0.00785854241111275,0.010542841266249447,0.005777312612046045,0.004765528654203401,0.0
30,29158.4722464763,0.008863315616497319,0.011150920865024828,0.00630275267408126,0.004848168190943567,0.0
31,29158.7856125423,0.01079052748155745,0.010349576782176824,0.006351048248542938,0.0039985285336338865,0.0
32,29159.0467561078,0.01118446208990576,0.00959301854571641,0.005499387880682438,0.0040936306650339715,0.0
33,29159.30790438,0.012506554638759958,0.010565156144623018,0.0058889106634289175,0.004676245481194101,0.0
34,29159.6212885195,0.011571764839720718,0.011199414970320544,0.006478253372795691,0.004721161597524852,0.0
35,29159.8824471466,0.013583881111233454,0.011277996763456245,0.006538822831337431,0.004739173932118815,0.0
36,29160.1958437125,0.011882293299166692,0.012293044492593077,0.006569167560816044,0.005723876931777032,0.0
37,29160.4570126953,0.012999915511025667,0.011519512951685004,0.006561329785120586,0.004958183166564419,0.0
38,29160.7181863854,0.012258365200989704,0.01130416033729851,0.006776485033998037,0.004527675303300472,0.0
39,29161.0316010274,0.012025498578841788,0.013274506820792129,0.007554135432661116,0.005720371388131013,0.0
40,29161.2927850741,0.014156507425005512,0.014323738860273973,0.008279993739922772,0.0060437451203512,0.0
41,29161.5539738284,0.015024911632653251,0.014367246189890976,0.008641782914053948,0.005725463275837029,0.0
42,29161.8674065481,0.013331579948629215,0.013858579481927502,0.00801412591723479,0.005844453564692712,0.0
43,29162.1286056599,0.012878557470566807,0.014478041334933085,0.00835830884237505,0.006119732492558035,0.0
44,29162.4420508087,0.013104672172432703,0.015137975726935284,0.009680404754781696,0.005457570972153589,0.0
45,29162.7032602786,0.015057216477305927,0.014742939197512706,0.009135544763808035,0.005607394433704671,0.0
46,29162.9644744568,0.015321601900414247,0.014836827338522315,0.009077510951183627,0.005759316387338688,0.0
47,29163.2256933436,0.01636200521314669,0.01535650978288666,0.009656419509869384,0.005700090273017277,0.0
48,29163.5391622232,0.015449041637663214,0.015707296759699133,0.009655765182787534,0.006051531576911599,0.0
49,29163.8003914692,0.01541278570166146,0.0150892129643132,0.009098855769859035,0.0059903571944541645,0.0
50,29164.1138727802,0.015015663857824537,0.014395541428334822,0.008531578130130252,0.00586396329820457,0.0
51,29164.375112386,0.017736848332872576,0.016350452845571357,0.009734857858728324,0.006615594986843034,0.0
52,29164.6363567011,0.01900229786606551,0.017708885523857135,0.010993276923801762,0.006715608600055373,0.0
53,29164.9498560955,0.019386654758556023,0.018408133356572633,0.011206829936320066,0.007201303420252567,0.0
54,29165.2111107712,0.01970214184245847,0.017848546165348034,0.011130527071170822,0.0067180190941772125,0.0
55,29165.4723701566,0.018866734992565037,0.017653305553169255,0.011055598741989263,0.00659770681117999,0.0
56,29165.785887636,0.016962279201529533,0.01937844342037817,0.011983912388146162,0.0073945310322320055,0.0
57,29166.047157383,0.0201182651892445,0.019574770726940135,0.011901971990453952,0.007672798736486182,0.0
58,29166.3084318401,0.01832778300063025,0.019388574100374468,0.011380873214192299,0.008007700886182169,0.0
59,29166.6219674059,0.020370227386989532,0.021374990083796237,0.012664283999355232,0.008710706084441005,0.0
60,29166.8832522255,0.02031159169014372,0.02023178179361911,0.012068000883391064,0.008163780910228045,0.0
61,29167.1445417555,0.020057161122132888,0.01980026085302762,0.012015246404131562,0.007785014448896059,0.0
62,29167.4058359961,0.018658823530939696,0.02031729429946274,0.012515772824202976,0.007801521475259764,0.0
63,29167.7193953029,0.02165122013993041,0.019508964625788754,0.011832555000883491,0.0076764096249052624,0.0
64,29167.9806999071,0.021850964365583325,0.02133494212657895,0.012943678396179117,0.008391263730399834,0.0
65,29168.2420092224,0.021861725886278906,0.022323015610710015,0.0129898838692487,0.009333131741461316,0.0
66,29168.5555866193,0.023184930210981444,0.020912928716099427,0.01166432105129108,0.009248607664808348,0.0
67,29168.8169062991,0.024305898868641967,0.022391500506300323,0.013315423021045497,0.009076077485254828,0.0
68,29169.0782306903,0.023712243557347835,0.023805851781450248,0.014719994764427416,0.009085857017022834,0.0
69,29169.391826179,0.02557097345574827,0.0236507150634664,0.01469545026198606,0.008955264801480343,0.0
70,29169.6531609356,0.02493410739370654,0.02378508514165456,0.01455226415404163,0.00923282098761293,0.0
71,29169.9145004041,0.027116424417057226,0.024363855254291758,0.014954131181055543,0.009409724073236213,0.0
72,29170.228113986,0.027853875968806494,0.026344220974961828,0.015826275940792313,0.010517945034169513,0.0
73,29170.4894638208,0.028709220580175814,0.026888075244680273,0.016258116514799387,0.010629958729880888,0.0
74,29170.7508183678,0.028012009844936715,0.027338342341659362,0.01642211840082393,0.010916223940835433,0.0
75,29171.0644500445,0.029009415652919406,0.025898862207383154,0.015340540107613035,0.010558322099770121,0.0
76,29171.3258149589,0.028754316115610183,0.02738200380935356,0.015864425072520512,0.011517578736833045,0.0
77,29171.5871845857,0.029302732914325363,0.028057526431545934,0.016472758212070823,0.01158476821947511,0.0
78,29171.8485589254,0.027142632151002516,0.028708364773438102,0.01680310680521004,0.011905257968228063,0.0
79,29172.1622143539,0.03033124059613405,0.02934958219418737,0.01746637878341154,0.011883203410775828,0.0
80,29172.423599062,0.02947134364709033,0.030674389827329285,0.01792059716225694,0.012753792665072344,0.0
81,29172.6849884832,0.029174386049470508,0.032721145074652395,0.019711646866107,0.013009498208545394,0.0
82,29172.9986620101,0.03159044132006857,0.03309513135491431,0.02027253297924048,0.012822598375673833,0.0
83,29173.2600618007,0.033620079222274835,0.03327319388180133,0.019676109501152988,0.013597084380648342,0.0
84,29173.5214663048,0.03323592718657231,0.033665229542818684,0.019876116174589585,0.013789113368229095,0.0
85,29173.8351579317,0.03366487604139799,0.03452269016496616,0.020410923898031296,0.014111766266934868,0.0
86,29174.0965728061,0.03276268175816812,0.03404385868757221,0.01989649352649558,0.014147365161076628,0.0
87,29174.3579923943,0.03389003761856729,0.03373249594688928,0.01931039953149431,0.014422096415394969,0.0
88,29174.6194166967,0.03269740716303755,0.03387484242455991,0.019721196391441796,0.014153646033118113,0.0
89,29174.9331320823,0.036788297654045204,0.03617634508000635,0.021268004345375284,0.01490834073463106,0.0
90,29175.194566756,0.03768037919008024,0.036613013777237496,0.02140273463303671,0.015210279144200785,0.0
91,29175.4560061443,0.0387074575283003,0.03807328030599988,0.022438722865361214,0.015634557440638665,0.0
92,29175.7697396335,0.04002842459888441,0.03781255494885853,0.02279436394007999,0.015018191008778542,0.0
93,29176.031189394,0.03909469042104169,0.039436417547365675,0.023806930184970442,0.015629487362395233,0.0
94,29176.2926438695,0.038674346397501884,0.04098343400532798,0.02456364098642081,0.01641979301890717,0.0
95,29176.6063954639,0.04167542848296628,0.04111494466326694,0.024186656707747823,0.01692828795551912,0.0
96,29176.8678603125,0.04520063244037144,0.041824159461028715,0.024413534226950463,0.017410625234078256,0.0
97,29177.1293298764,0.042812930532850055,0.04282065813370378,0.025359627044541776,0.017461031089162003,0.0
98,29177.3908041558,0.043945906321607615,0.044232432028008854,0.026625040083703293,0.01760739194430556,0.0
99,29177.7045795156,0.04555444255130429,0.04490989188670531,0.026294260134503,0.018615631752202308,0.0
100,29177.9660641694,0.04371400290842042,0.045747789033305196,0.0270384045904786,0.018709384442826597,0.0
101,29178.2275535389,0.04798974127723428,0.04920218922503776,0.029565095227477765,0.01963709399755999,0.0
102,29178.5413470075,0.048442293871366754,0.04947876137138662,0.029319751226206118,0.0201590101451805,0.0
103,29178.8028467524,0.049364815481338274,0.0505882750516375,0.029241803613360248,0.021346471438277257,0.0
104,29179.1166526717,0.05211091043463128,0.05130805070833781,0.029978639195309003,0.021329411513028813,0.0
105,29179.3781627924,0.05167581714123499,0.050543158402284155,0.029324581632405755,0.021218576769878397,0.0
106,29179.6396776297,0.05315376477146388,0.0527415669168518,0.03012104147017038,0.02262052544668142,0.0
107,29179.9011971836,0.05495447550822774,0.055910882639053625,0.032810408716224794,0.02310047392282883,0.0
108,29180.2150268745,0.05743988301998638,0.05569870861886574,0.03265332951906869,0.02304537909979705,0.0
109,29180.4765568055,0.056155409552358856,0.05613672621806759,0.03284006822047573,0.023296657997591858,0.0
110,29180.7380914535,0.05774399138866769,0.056661051770480975,0.03284817964300505,0.02381287212747592,0.0
111,29180.9996308187,0.0610996666955774,0.05692825549883326,0.03308330288475695,0.02384495261407631,0.0
112,29181.3134842839,0.06235642199027139,0.06007016468128473,0.03447464724824539,0.02559551743303935,0.0
113,29181.5750340273,0.06446943325494668,0.060609726126305816,0.035130462874083855,0.02547926325222196,0.0
114,29181.8365884884,0.06610317923429973,0.06296989163568503,0.036519265371720955,0.02645062626396408,0.0
115,29182.0981476672,0.06585117412654147,0.06435340883080866,0.0376527446510151,0.026700664179793564,0.0
116,29182.4120249093,0.06761724879046142,0.06677056365780899,0.03824603678255388,0.02852452687525511,0.0
117,29182.6735944675,0.0682128047602592,0.06862183656004875,0.039622970004174855,0.028998866555873894,0.0
118,29182.9351687438,0.0735446533599793,0.07097902074869211,0.041406580818604995,0.029572439930087114,0.0
119,29183.1967477384,0.07230283861151557,0.07148625146143531,0.0416583972689316,0.02982785419250371,0.0
120,29183.4583314514,0.07496899009487612,0.07262258867038471,0.042083353595472286,0.030539235074912425,0.0
121,29183.7199198828,0.0775455676599905,0.07477580797324643,0.043574836535856254,0.031200971437390177,0.0
122,29184.0338322292,0.07985999302494255,0.07623708136494814,0.04482516516373537,0.031411916201212774,0.0
123,29184.2954310418,0.07881880612913104,0.07927768211921292,0.046184492006692106,0.033093190112520814,0.0
124,29184.5570345734,0.08428345017392326,0.08102420994457353,0.04699807599718457,0.03402613394738896,0.0
125,29184.8186428239,0.08579928409758548,0.08348991780733143,0.04835465313250442,0.03513526467482701,0.0
126,29185.0802557937,0.08534918069440234,0.08633906892695443,0.04996399055745154,0.03637507836950289,0.0
127,29185.3418734827,0.08672756126404786,0.08781132860994229,0.05059386207875892,0.037217466531183366,0.0
128,29185.6558209392,0.0897834162789819,0.09057186120338737,0.05229025151297463,0.03828160969041273,0.0
129,29185.9174490112,0.09011956062283233,0.09272776239085287,0.053974286787541084,0.038753475603311785,0.0
130,29186.1790818029,0.09461068425092603,0.09439074891659438,0.05381585975611193,0.04057488916048244,0.0
131,29186.4407193143,0.09508518329398481,0.09754747708620184,0.05583035522292439,0.041717121863277445,0.0
132,29186.7546905585,0.09801953267155751,0.10229473417567653,0.05858628165806525,0.04370845251761127,0.0
133,29187.016338454,0.09994026122792743,0.10451955696771609,0.059096561064768155,0.04542299590294794,0.0
134,29187.2779910698,0.1055540741283608,0.10548583545903106,0.06013479730332555,0.04535103815570552,0.0
135,29187.539648406,0.10821338791930928,0.10902929171324095,0.06289286997206382,0.04613642174117713,0.0
136,29187.8536434405,0.11152101891961914,0.11077753577134125,0.0633270962956544,0.047450439475686855,0.0
137,29188.0629772399,0.11418990682201648,0.1148589398985157,0.06554466169438165,0.04931427820413405,0.0
138,29188.3769836041,0.11971832750430797,0.1194219664819211,0.06788080800874685,0.05154115847317425,0.0
139,29188.6386607672,0.12113022116201007,0.12254518335467221,0.06909391419954809,0.053451269155124125,0.0
140,29188.9003426513,0.1283179604087817,0.1264475784834982,0.07090551758428511,0.05554206089921308,0.0
141,29189.1620292566,0.1326948359921883,0.12975806770009418,0.07268009034118633,0.057077977358907836,0.0
142,29189.476059415,0.1361613597456523,0.13432820241321322,0.07583425094954498,0.05849395146366825,0.0
143,29189.7377564073,0.13770483408429662,0.13925718768669812,0.07832307802992892,0.0609341096567692,0.0
144,29189.9994581211,0.14394140223848462,0.14307130602524068,0.08015412822667636,0.06291717779856432,0.0
145,29190.2611645567,0.148264946923853,0.14860404525947477,0.08427973985243352,0.06432430540704125,0.0
146,29190.522875714,0.1506321528957036,0.15244833487078832,0.08521165297769667,0.06723668189309165,0.0
147,29190.7845915933,0.15493029065112954,0.15683361204583418,0.08673613364606217,0.07009747839977203,0.0
148,29191.0463121947,0.1636201406790314,0.16172493297697646,0.08873486059552985,0.07299007238144661,0.0
149,29191.3603831497,0.16766203804274252,0.16819329568388325,0.09258828090860721,0.07560501477527605,0.0
150,29191.6221141401,0.1741585756492382,0.1753163136467776,0.0962988301125369,0.0790174835342407,0.0
151,29191.883849853,0.1819577926679397,0.18072258272164496,0.10019940974113178,0.08052317298051317,0.0
152,29192.1455902884,0.18681660760686708,0.18636004351805235,0.10303926991423597,0.0833207736038164,0.0
153,29192.4073354467,0.19127531357927813,0.1924964813548044,0.10576092944313081,0.08673555191167358,0.0
154,29192.6690853278,0.20028235096558308,0.20121683645270938,0.10993544941955066,0.09128138703315873,0.0
155,29192.9308399319,0.20601295323402846,0.20782829387054258,0.1140143299013401,0.0938139639692025,0.0
156,29193.1925992591,0.21232803293845431,0.2163814260845599,0.11810718807186946,0.09827423801269043,0.0
157,29193.4543633095,0.22163319259998762,0.22408251062806972,0.1208500639645508,0.10323244666351891,0.0
158,29193.7161320833,0.23146173977878146,0.2317474785586636,0.1246063249747127,0.10714115358395089,0.0
159,29193.9779055807,0.23964235841883766,0.24111722549977826,0.13049987377184644,0.11061735172793183,0.0
160,29194.2396838017,0.25224487511780874,0.2504697445321068,0.13459222539585913,0.11587751913624764,0.0
161,29194.5014667464,0.25919797668943695,0.26059938817061257,0.13968567993695932,0.12091370823365323,0.0
162,29194.8156125156,0.267775910813135,0.27615676080617735,0.14810840006322382,0.12804836074295356,0.0
163,29195.077405853,0.27829743790291794,0.2854232421327887,0.1501156336395623,0.13530760849322637,0.0
164,29195.3392039146,0.2971428351396288,0.3004528169816494,0.15895262896538032,0.1415001880162691,0.0
165,29195.6010067006,0.3079161354938063,0.31065638370066323,0.16320407621102356,0.14745230748963967,0.0
166,29195.8628142109,0.32160580135141115,0.3248866636470204,0.17101789928231817,0.15386876436470223,0.0
167,29196.1246264458,0.33656442945520004,0.34055823576023325,0.17716268315898578,0.16339555260124744,0.0
168,29196.3864434053,0.3523513095577373,0.35358014857841313,0.1847392943882579,0.1688408541901552,0.0
169,29196.6482650897,0.3662417049651488,0.36849340868384783,0.19161897161757818,0.17687443706626965,0.0
170,29196.910091499,0.38449132407438213,0.3847366322600407,0.19760721200795733,0.18712942025208334,0.0
171,29197.1719226333,0.4023342427657758,0.40115006099056705,0.20518605981502672,0.19596400117554033,0.0
172,29197.4337584929,0.4239416780024543,0.4251578726407056,0.2202327600344983,0.2049251126062073,0.0
173,29197.6955990777,0.44076815578818285,0.4435660270474008,0.22813790230039438,0.21542812474700637,0.0
174,29197.9574443881,0.4625361997706936,0.46509001831697705,0.23940239518900816,0.22568762312796892,0.0
175,29198.2192944239,0.48241616968233353,0.484750642007614,0.24636293776089602,0.23838770424671793,0.0
176,29198.4811491855,0.5084912114309837,0.5107081960653241,0.26143251218306857,0.24927568388225552,0.0
177,29198.7430086729,0.5299492670576406,0.5360160623288843,0.27472947962365224,0.26128658270523203,0.0
178,29199.0048728863,0.5577305590214519,0.5601182645236578,0.2876861254067335,0.2724321391169243,0.0
179,29199.2143676597,0.5814656519791573,0.578853501162626,0.2963805135053836,0.28247298765724244,0.0
180,29199.5286154914,0.6124477356276787,0.6108324792244912,0.31450526344366037,0.2963272157808309,0.0
181,29199.7381178268,0.6395112763192309,0.6357065574631996,0.32717581398067475,0.30853074348252485,0.0
182,29200.0,0.6643170635464304,0.6682224125614958,0.34575461437299904,0.3224677981884968,0.0
183,29200.2618868997,0.6984627927987037,0.6954434707823249,0.36044135496618124,0.3350021158161437,0.0
184,29200.5761574186,0.7343150592823171,0.7296486092164238,0.38217749648148636,0.3474711127349374,0.0
185,29200.8380547172,0.7600060649203864,0.7653801896148529,0.40427276330391904,0.3611074263109339,0.0
186,29201.0999567428,0.7968022771598319,0.8003240574643267,0.4256793828604813,0.37464467460384543,0.0
187,29201.3618634955,0.8298179613729232,0.8204964604461419,0.4377546863001888,0.38274177414595306,0.0
188,29201.6237749754,0.8643438768469892,0.8655288910542644,0.4703627559658982,0.39516613508836623,0.0
189,29201.833307563,0.9024105066629388,0.8936272555976563,0.48919061472756703,0.40443664087008935,0.0
190,29202.1476121175,0.9341840102474933,0.9328436895140655,0.5138972587884822,0.4189464307255833,0.0
191,29202.4095377798,0.964401605621064,0.9685455677091017,0.5402011257551915,0.42834444195391014,0.0
192,29202.6190817137,1.0075256953267684,0.999427313827286,0.5636240981094098,0.43580321571787617,0.0
193,29202.8810158861,1.0458079110026854,1.028779814437966,0.5849696277224755,0.4438101867154906,0.0
194,29203.1429547865,1.075612270353835,1.0665683705089921,0.6137965999109567,0.4527717705980354,0.0
195,29203.404898415,1.1102452130966058,1.0998622163418723,0.6379907508971243,0.46187146544474794,0.0
196,29203.6668467717,1.1472267016930058,1.1370872694127026,0.6677051168433661,0.46938215256933635,0.0
197,29203.9287998568,1.1823692463704707,1.1661339443278944,0.6913319305874185,0.47480201374047604,0.0
198,29204.1907576703,1.2088955851965784,1.198951430968813,0.7167080075131881,0.4822434234556248,0.0
199,29204.4527202125,1.246091276473057,1.2420375435338387,0.7524170181857459,0.48962052534809264,0.0
200,29204.6622936509,1.2755666878734406,1.2663788472050375,0.7732731754823003,0.4931056717227371,0.0
201,29204.9242647049,1.3051064950721525,1.294152533364248,0.7961147426846942,0.49803779067955384,0.0
202,29205.1862404878,1.334691258501281,1.323550169471301,0.8204352930740936,0.5031148763972075,0.0
203,29205.4482209999,1.359451207216008,1.351774336544344,0.8448293515377153,0.5069449850066287,0.0
204,29205.7102062411,1.3780448130951906,1.3703572927165355,0.8592100210055831,0.5111472717109524,0.0
205,29206.0245947734,1.4070489844152883,1.3958541900265142,0.8806999303951462,0.5151542596313681,0.0
206,29206.2865904194,1.4288824857423834,1.4158609016485513,0.897568582627836,0.5182923190207152,0.0
207,29206.4961903416,1.4455997952810504,1.4306210487074842,0.9112696747678788,0.5193513739396055,0.0
208,29206.758194501,1.455972948418659,1.4470925810665973,0.9265586517631811,0.5205339293034162,0.0
209,29207.0202033903,1.4726017807806102,1.464013313959196,0.9404776602046627,0.5235356537545331,0.0
210,29207.2822170096,1.4821022150987004,1.4727579414996275,0.9494714491186391,0.5232864923809883,0.0
211,29207.544235359,1.4878093324505106,1.481395586562312,0.9578281198301072,0.5235674667322048,0.0
212,29207.8062584387,1.488011551319582,1.4864182256970293,0.9616087350818308,0.5248094906151985,0.0
213,29208.0682862488,1.4887275549506394,1.4875104457504098,0.9645851094071499,0.5229253363432598,0.0
214,29208.3303187893,1.4920163375201976,1.486182175032008,0.9650691322744694,0.5211130427575386,0.0
215,29208.5923560605,1.4884239541217923,1.4818431399033685,0.9628020457464599,0.5190410941569086,0.0
216,29208.8543980624,1.4809300924715663,1.4792008262681027,0.9615543458928953,0.5176464803752073,0.0
217,29209.1164447952,1.4725727599957477,1.4715877653934784,0.9559386757716402,0.5156490896218382,0.0
218,29209.378496259,1.4654929686993712,1.4657053796422104,0.9527310761793256,0.5129743034628849,0.0
219,29209.640552454,1.4506743799628188,1.4569960771008073,0.9479590948154439,0.5090369822853633,0.0
220,29209.9026133803,1.4436176130215275,1.4454262958838824,0.940324862860757,0.5051014330231254,0.0
221,29210.1646790379,1.4317399873157757,1.4332383379006923,0.9322652603040826,0.5009730775966097,0.0
222,29210.4267494271,1.41990319787189,1.4187820201600994,0.9202916677764671,0.49849035238363226,0.0
223,29210.6364091452,1.4057126696935827,1.4053522022171743,0.9108844166288311,0.49446778558834326,0.0
224,29210.8984880514,1.3906538040228646,1.3907376611929028,0.9018898235046794,0.4888478376882234,0.0
225,29211.212988985,1.3693032996191903,1.368339358931421,0.883401157539989,0.4849382013914319,0.0
226,29211.4750783015,1.354986355288729,1.3539271251486045,0.8746571496630984,0.47926997548550604,0.0
227,29211.6847531619,1.3399533770816265,1.3392699352033524,0.8630632336278847,0.4762067015754677,0.0
228,29211.9468509964,1.3221451487554516,1.3246475094291663,0.8538185257290903,0.470828983700076,0.0
229,29212.2089535634,1.3037670066425944,1.3063796975964763,0.8402104247048119,0.46616927289166443,0.0
230,29212.4710608628,1.2889997333232839,1.2903245913203651,0.8282263390573119,0.46209825226305323,0.0
231,29212.6807501099,1.2745984650456348,1.2773946472268272,0.8180056047834995,0.4593890424433277,0.0
232,29212.9428659282,1.2603246251042657,1.2628983714610422,0.8084660227394607,0.45443234872158156,0.0
233,29213.2049864794,1.2421315944471463,1.2442563133447355,0.793273555937679,0.4509827574070564,0.0
234,29213.4671117636,1.2259667157117018,1.2290964932008617,0.7825470440407353,0.4465494491601265,0.0
235,29213.7292417809,1.2121426665861736,1.212643763076885,0.7698775161793723,0.4427662468975127,0.0
236,29213.9913765315,1.201637159094949,1.200551597558897,0.760950726622151,0.4396008709367458,0.0
237,29214.20108774,1.1904734425681964,1.188665511134075,0.7522124490446777,0.4364530620893974,0.0
238,29214.4632310109,1.1772968914430102,1.1774190710630936,0.7450833675100405,0.43233570355305323,0.0
239,29214.6729490357,1.162133027927784,1.1679040509926535,0.7379089509882276,0.4299951000044258,0.0
240,29214.9351008271,1.1505506745831462,1.156385205770211,0.7298483507086728,0.42653685506153827,0.0
241,29215.1972573524,1.1396358833065494,1.1425295069620578,0.7184159427807238,0.424113564181334,0.0
242,29215.4594186116,1.130174626141744,1.1300516541413725,0.7091796927576659,0.4208719613837067,0.0
243,29215.6691510276,1.1192869223738444,1.1219461111441789,0.7031724272161038,0.41877368392807496,0.0
244,29215.9837553326,1.1088890328587258,1.1135157742946011,0.6974430110370262,0.41607276325757486,0.0
245,29216.1934953234,1.102816323618309,1.1042874501094042,0.6908775572462222,0.41340989286318197,0.0
246,29216.4556745729,1.0961160137548638,1.0975707362123215,0.6863077760428583,0.41126296016946307,0.0
247,29216.6654213815,1.086866240756153,1.0920224205490738,0.6825764081471267,0.40944601240194717,0.0
248,29216.9276091534,1.0814068508135113,1.0858055926220642,0.6778209553473865,0.40798463727467776,0.0
249,29217.1898016601,1.073019184334086,1.0776235058857335,0.6723617834529187,0.40526172243281483,0.0
250,29217.4519989018,1.0666187041834692,1.0708688887218738,0.6672810680609186,0.4035878206609552,0.0
251,29217.7142008786,1.0642750672568517,1.0623215684532101,0.6615008427767722,0.40082072567643784,0.0
252,29217.9239658694,1.05654245676299,1.0568901232003547,0.6578518966788728,0.39903822652148185,0.0
253,29218.1861763696,1.0485206482986802,1.0491821029778907,0.6516661133029342,0.39751598967495655,0.0
254,29218.3959481793,1.0398442344402032,1.045508421842935,0.6492587311507121,0.3962496906922229,0.0
255,29218.6581672034,1.0355706966285323,1.0404961192133428,0.6455319853064602,0.3949641339068826,0.0
256,29218.9203909632,1.0292615713140887,1.035907696825775,0.6435868782119016,0.3923208186138733,0.0
257,29219.1826194588,1.025738405999501,1.0314574126373621,0.6401203696263014,0.3913370430110607,0.0
258,29219.3924056652,1.0178541017249028,1.0262986911545466,0.635520808173529,0.3907778829810178,0.0
259,29219.6546426855,1.0125745957824013,1.0196897440523336,0.6306110189937179,0.3890787250586158,0.0
260,29219.916884442,1.007986749767515,1.016092581731066,0.6293682704613751,0.38672431126969076,0.0
261,29220.1266812574,1.0072138514423654,1.0103622247688726,0.6249613025616448,0.38540092220722777,0.0
262,29220.3889315393,1.004059777704295,1.0065450518714507,0.6220366787718659,0.3845083730995848,0.0
263,29220.6511865577,1.001114450979585,1.0025658993080608,0.6188164043966133,0.3837494949114475,0.0
264,29220.8609939828,0.9924681460604813,0.9980984880744399,0.6156040437465684,0.38249444432787155,0.0
265,29221.1232575273,0.9886068952693011,0.9947772387386336,0.6133424774154438,0.3814347613231897,0.0
266,29221.3855258087,0.9869722009980211,0.9899592432772033,0.610296487054595,0.37966275622260826,0.0
267,29221.5953438444,0.9842181902292613,0.9870225429901854,0.6073384878395275,0.37968405515065795,0.0
268,29221.8576206525,0.9814765577676124,0.9849683550817772,0.6068395488499645,0.3781288062318126,0.0
269,29222.0674455097,0.9775990363163739,0.9817757559359177,0.6045823717108764,0.3771933842250414,0.0
270,29222.3297308449,0.9745502620877176,0.9785478911652961,0.6022039296852005,0.37634396148009547,0.0
271,29222.5920209175,0.9715325839531793,0.9742824298748656,0.6004416846477438,0.37384074522712174,0.0
272,29222.8018563867,0.9704925272354158,0.9726712257055768,0.5987260565943863,0.3739451691111906,0.0
273,29223.0641549871,0.9664188779772576,0.9689450850588828,0.5954831145033179,0.3734619705555649,0.0
274,29223.3264583253,0.9604809601344834,0.968516975366571,0.5947284984420986,0.3737884769244724,0.0
275,29223.5363044072,0.954716870258487,0.9659994016359642,0.5939191386186476,0.37208026301731656,0.0
276,29223.7986162738,0.9544979245012857,0.9613033617679154,0.5908200802325309,0.37048328153538457,0.0
277,29224.0609328786,0.9548547228419729,0.9581282050846767,0.5887778386180174,0.3693503664666593,0.0
278,29224.3232542217,0.9533358188117407,0.9559422501008334,0.5865353664864654,0.36940688361436796,0.0
279,29224.5331147078,0.9458506313794693,0.951857192854509,0.5843935233188015,0.3674636695357076,0.0
280,29224.7429782266,0.9418914631865166,0.9493394000137644,0.582829755738979,0.3665096442747854,0.0
281,29225.0577791912,0.9398598632818739,0.9466375388594368,0.5811196373160471,0.36551790154338965,0.0
282,29225.267650292,0.9416089897938004,0.9430574073085395,0.5786836569268611,0.3643737503816784,0.0
283,29225.529993433,0.9342129543033575,0.9393853459647536,0.5751996646856401,0.3641856812791135,0.0
284,29225.792341313,0.9310740072692235,0.93616882101397,0.5746135301314504,0.36155529088251964,0.0
285,29226.0022230292,0.9259490664799863,0.9346260154167514,0.5729944547864969,0.36163156063025453,0.0
286,29226.2645794397,0.9253596387546221,0.9293833966164635,0.568963730185841,0.36041966643062257,0.0
287,29226.4744679805,0.9197451764076493,0.9275552456641136,0.5676623283360168,0.3598929173280968,0.0
288,29226.7368329221,0.9139205175189391,0.9250548716903535,0.5662169812504894,0.3588378904398641,0.0
289,29226.9992026033,0.9098578079459606,0.9194912434796989,0.5618274848632366,0.3576637586164623,0.0
290,29227.2091017608,0.906941008609328,0.9194645999850318,0.5616841844840373,0.3577804155009945,0.0
291,29227.4714799736,0.906577392297644,0.9136769700943572,0.5569352232692502,0.35674174682510706,0.0
292,29227.7338629264,0.902890296078764,0.9059630109438863,0.5506225660690434,0.35534044487484295,0.0
293,29227.9437727015,0.8972015055691046,0.9032479240542108,0.549170253355721,0.3540776706984899,0.0
294,29228.2061641865,0.893407458805591,0.8988165034937956,0.5461345322752855,0.3526819712185101,0.0
295,29228.4160807876,0.8898760401132025,0.8943645512773065,0.5432673993907339,0.35109715188657264,0.0
296,29228.6784808054,0.8847247997545673,0.8889900926528141,0.5392346209531464,0.3497554716996677,0.0
297,29228.8884042328,0.8801885212162271,0.8852607162884043,0.5361982478136533,0.34906246847475103,0.0
298,29229.1508127836,0.8734310869861831,0.8803969574569814,0.5328168530222736,0.3475801044347079,0.0
299,29229.3607430377,0.8681723087758603,0.8786498896375066,0.5318036030277198,0.3468462866097868,0.0
300,29229.6231601221,0.8658413615807539,0.874307350440766,0.5285372018102928,0.3457701486304732,0.0
301,29229.8855819475,0.8644686367352494,0.8699190486905684,0.5248201629180741,0.3450988857724943,0.0
302,29230.0955228214,0.8623801568849977,0.8664223507503027,0.5216900631757478,0.3447322875745549,0.0
303,29230.357953181,0.8600969092501015,0.8634490862094724,0.5189356566731782,0.34451342953629416,0.0
304,29230.620388282,0.8555961687051644,0.8593566864207991,0.5158689849678548,0.34348770145294427,0.0
305,29230.8303397766,0.8518746419941698,0.8558925350012274,0.5129823192839668,0.3429102157172606,0.0
306,29231.0402943059,0.8500890755646986,0.8547301075290127,0.512778154164004,0.3419519533650087,0.0
307,29231.3027417351,0.8483216201836234,0.8525857188426507,0.5106182708207383,0.3419674480219123,0.0
308,29231.5651939061,0.8474456979575106,0.8479450539957671,0.5070622399291439,0.3408828140666232,0.0
309,29231.7751590571,0.8434905216062308,0.8471540922285783,0.5061935637067428,0.3409605285218354,0.0
310,29231.9851272431,0.8435112262612392,0.8450067070115357,0.5048193703779796,0.3401873366335561,0.0
311,29232.2475917435,0.8402745121664114,0.8433796756418153,0.5038304598388917,0.3395492158029235,0.0
312,29232.5100609862,0.840881240928651,0.8432231246922652,0.5028628851592205,0.34036023953304473,0.0
313,29232.7200397949,0.8406450933602787,0.8406473470355216,0.5010739018741992,0.33957344516132243,0.0
314,29232.9825175741,0.8400132479363003,0.8411748559683565,0.5011421531789322,0.3400327027894243,0.0
315,29233.1925032122,0.8408173778611804,0.8398584003427159,0.5011441188338661,0.3387142815088498,0.0
316,29233.4549895283,0.8402723227968402,0.8387775116233006,0.4997394036005223,0.3390381080227783,0.0
317,29233.664981996,0.8408979529965985,0.8381179594986163,0.4992598936127449,0.3388580658858715,0.0
318,29233.9274768494,0.8399738897685404,0.839477998293927,0.500051394554661,0.33942660373926603,0.0
319,29234.189976446,0.8379238006128682,0.8404863914999962,0.49950547877425794,0.3409809127257382,0.0
320,29234.3999795383,0.8409416002802608,0.8411766850221023,0.5006451159781158,0.3405315690439865,0.0
321,29234.6099856665,0.8434461294413408,0.8413087055567783,0.5007330910759608,0.3405756144808176,0.0
322,29234.8724975957,0.8431056401104503,0.8428644383901132,0.5025546978005433,0.3403097405895698,0.0
323,29235.0825105545,0.8466495094457788,0.8440234770018715,0.5026483231112995,0.34137515389057205,0.0
324,29235.3450310224,0.8480302161621082,0.8458381405171062,0.5040678614176339,0.3417702790994722,0.0
325,29235.5550508122,0.8488923400958647,0.8463484412139162,0.5042988092812692,0.3420496319326469,0.0
326,29235.817579819,0.8469223271923548,0.8478736515102765,0.5049312458300296,0.34294240568024686,0.0
327,29236.0276064401,0.8507294695068726,0.8508599441425269,0.507097898550153,0.34376204559237383,0.0
328,29236.2901439863,0.8530562380953045,0.8517212098236007,0.5082271588254753,0.34349405099812536,0.0
329,29236.5001774391,0.8543889889157116,0.8521542836374476,0.5079298511027108,0.3442244325347367,0.0
330,29236.7627235251,0.854716622513394,0.8543676903025879,0.5093531828221644,0.34501450748042345,0.0
331,29236.97276381,0.8569507672979819,0.8561899307944258,0.5105648517349988,0.3456250790594271,0.0
332,29237.2353184362,0.8598475791958176,0.8587341580503669,0.5110955367630662,0.34763862128730066,0.0
333,29237.4453655533,0.8626584625855783,0.8581305300661433,0.5108274703136775,0.3473030597524658,0.0
334,29237.6554157072,0.862172759954765,0.8617801148339376,0.5138819744108561,0.3478981404230814,0.0
335,29237.91798267,0.861785040954822,0.862412029696559,0.515359487732781,0.347052541963778,0.0
336,29238.1280396567,0.8650792239610176,0.8653456123063668,0.5176842781489515,0.34766133415741524,0.0
337,29238.3380996804,0.8658426487635522,0.8670562693169135,0.5185917277123866,0.34846454160452683,0.0
338,29238.6006789807,0.8698527395644071,0.8681017611782005,0.5186276776817577,0.34947408349644277,0.0
339,29238.8632630264,0.8708283800446833,0.8697207428816918,0.5195219714036049,0.3501987714780869,0.0
340,29239.0733336797,0.8745846455251485,0.8708349830086053,0.520042083117705,0.3507928998909003,0.0
341,29239.2834073703,0.8736265203254608,0.8736044226782396,0.5217446012004036,0.35185982147783595,0.0
342,29239.5460037547,0.8761715142815124,0.8757985249130632,0.522695879015426,0.3531026458976372,0.0
343,29239.8086048849,0.8797327308460524,0.8800282863006816,0.525613529327597,0.3544147569730846,0.0
344,29240.0186892062,0.8821571343617284,0.8801986114205631,0.5266589472027686,0.35353966421779454,0.0
345,29240.2287765651,0.878782852167751,0.8834006040376596,0.5280772218479437,0.3553233821897159,0.0
346,29240.4388669615,0.8824804841170276,0.8842553874107804,0.5272594805405666,0.35699590687021376,0.0
347,29240.7014842287,0.8883174527940206,0.886301929674307,0.5305957809800836,0.35570614869422335,0.0
348,29240.9115814599,0.8942132114112017,0.8893367120138828,0.5327780363493405,0.35655867566454225,0.0
349,29241.1216817289,0.8945560889615863,0.891437337124076,0.5344089244355184,0.35702841268855773,0.0
350,29241.3843113371,0.8941366788900826,0.8930192069976084,0.5353418719877631,0.35767733500984533,0.0
351,29241.646945692,0.8976702244021771,0.8955380696560723,0.5361661870015481,0.35937188265452424,0.0
352,29241.8570565938,0.8978646172155283,0.8953797938857406,0.5360578559774034,0.3593219379083373,0.0
353,29242.0671705336,0.8993047908740482,0.8977889691682519,0.5376687120694552,0.36012025709879664,0.0
354,29242.3298172308,0.903383813179473,0.9020527792689053,0.540667991615031,0.3613847876538742,0.0
355,29242.5399380066,0.9058672708707323,0.9035422073887289,0.5416951237279118,0.36184708366081714,0.0
356,29242.8025932489,0.9071650290714922,0.9065656871670824,0.5436424034772955,0.36292328368978694,0.0
357,29243.0127208609,0.9102457441429795,0.9103088754760531,0.546451878852714,0.3638569966233392,0.0
358,29243.2228515114,0.915567344107748,0.910402879378662,0.5468699373951686,0.36353294198349345,0.0
359,29243.4855190974,0.9140374547874562,0.9132635194424816,0.549074534293897,0.36418898514858467,0.0
360,29243.6956565846,0.9162340131103126,0.9184947361011695,0.5526853850749792,0.3658093510261902,0.0
361,29243.9057971105,0.9171281281040797,0.9215659701985465,0.5535750821997169,0.3679908879988296,0.0
362,29244.1684770411,0.9232750223022507,0.9246684504362241,0.5554964067873932,0.36917204364883094,0.0
363,29244.4311617198,0.9275066677261012,0.9270060123067063,0.5579819578911579,0.36902405441554836,0.0
364,29244.6413128815,0.9297899143342075,0.9304755475821331,0.5610367367518752,0.36943881083025804,0.0
365,29244.8514670821,0.933469166827803,0.931068481507265,0.5609048141558072,0.37016366735145784,0.0
366,29245.0616243218,0.9351537746568752,0.9350398347588826,0.5641760013206562,0.37086383343822643,0.0
367,29245.3243251451,0.9388889417566608,0.9365127176815176,0.5647194921800819,0.3717932255014357,0.0
368,29245.5344892228,0.9432840568488112,0.9408508740982096,0.5681469201374008,0.37270395396080874,0.0
369,29245.7446563398,0.9478157659309563,0.9438541568574569,0.5698795528815449,0.373974603975912,0.0
370,29245.954826496,0.9502074320907425,0.9448379669151292,0.5710862762592112,0.37375169065591807,0.0
371,29246.2175434654,0.953275839224047,0.9490236298556568,0.573858217965688,0.37516541188996877,0.0
372,29246.4277204604,0.9540785390498518,0.9544854499611891,0.5774530238891286,0.37703242607206056,0.0
373,29246.6379004948,0.9590575299745318,0.9571822195036943,0.5807503110945405,0.3764319084091539,0.0
374,29246.8480835688,0.9595513278946493,0.9595484515115605,0.5822394563880341,0.37730899512352645,0.0
375,29247.1108166858,0.9634619184398203,0.9644328532470477,0.5852715505940274,0.3791613026530204,0.0
376,29247.3210065991,0.9669312531021073,0.9678202346952076,0.5877914406960126,0.38002879399919504,0.0
377,29247.5311995522,0.9712674792648474,0.9702156576578613,0.5897064922713166,0.38050916538654483,0.0
378,29247.7413955452,0.9729381588784176,0.9722850439446717,0.5904057190429451,0.38187932490172655,0.0
379,29248.0041448113,0.9735750676226285,0.9765967129860181,0.593564805380091,0.3830319076059271,0.0
380,29248.2143476442,0.9810944853598667,0.9773291510461617,0.59399574701558,0.3833334040305817,0.0
381,29248.4245535171,0.9839007756341098,0.9814075171879764,0.5984948487256591,0.38291266846231725,0.0
382,29248.6347624302,0.9872741914785744,0.9825905402413146,0.5986933802936533,0.3838971599476614,0.0
383,29248.8975278469,0.9929728512076402,0.986660134585611,0.6018025550453249,0.38485757954028604,0.0
384,29249.1077436006,0.9940659370226934,0.9898714806334898,0.604644754706669,0.3852267259268209,0.0
385,29249.3179623946,0.9981411309388407,0.9920099413590568,0.6057083754782636,0.3863015658807933,0.0
386,29249.5807401627,1.0001404305038348,0.9948768999582562,0.6072651548696612,0.387611745088595,0.0
387,29249.7909657977,1.0009035036553209,0.9984482982823937,0.6097688643684757,0.388679433913918,0.0
